,player_name,team_number,team_name,age,position,Apps,Mins,Assists,KeyP,AvgP,PS%,Crosses,LongB,ThrB,Rating,Goals,Yel,Red,SpG,AerialsWon,MoM,Dribble,Fouled,Off,Disp,UnsTch,Tackles,Inter,Fouls,Offsides,Clear,Drb,Blocks,OwnG
0,Harry Kane,30,Tottenham,29," AM(C),FW  ",35,3087,14,1.4,25.9,69.9,0.2,1.9,0.1,7.79,23,1,0,3.9,2.2,13,1.5,1.7,0.4,1.5,1.8,0.6,0.3,0.7,0,1.1,0.5,0.3,0
1,Kevin De Bruyne,167,Man City,31," M(CLR),FW  ",23(2),2001,12,3.2,50.6,81.7,1.6,2.6,0.2,7.65,6,1,0,3.2,0.2,8,1.9,1.2,0,1.3,1.8,1.4,0.4,1.1,0,0.3,1.4,0,0
2,Jack Grealish,24,Aston Villa,27," AM(CL),FW  ",24(2),2184,10,3.1,38.3,83.3,0.7,1.2,0.1,7.56,6,6,0,1.9,1,4,2.5,4.2,0.3,1.5,2.1,1.2,0.5,1.5,0,0.2,0.3,0.1,0
3,Bruno Fernandes,32,Man Utd,28, M(CLR)  ,35(2),3110,12,2.6,57.1,78.3,1.1,3.8,0.2,7.43,18,6,0,3.3,0.4,6,0.6,1.4,0.1,1,1.5,1.5,0.7,1.2,0,0.7,2,0,0
4,Tomás Soucek,29,West Ham,28, DMC  ,38,3420,1,0.5,42.3,75.5,0,2.2,0,7.36,10,7,1,1.7,6.2,6,0.4,1.1,0.1,0.6,1.1,2.1,1.6,1.8,0.1,2.7,1.3,0.5,1
5,Mason Mount,15,Chelsea,24, M(CLR)  ,32(4),2892,5,2.4,47.3,86.5,1.7,1.6,0,7.33,6,2,0,2.3,0.6,4,1.2,1.2,0.1,1.1,1.6,2.1,0.9,1.4,0,0.3,1.2,0.1,0
6,Sadio Mané,26,Liverpool,31," AM(CLR),FW  ",31(4),2813,7,1.7,28.8,78.7,0.3,0.8,0,7.33,11,3,0,2.7,1,7,2.3,2.2,0.9,1.7,2.9,1.4,0.4,1.5,0,0.3,0.6,0,0
7,Riyad Mahrez,167,Man City,32," AM(CLR),FW  ",23(4),1955,6,1.6,37.2,88.4,0.7,0.9,0,7.31,9,0,0,2.1,0.6,4,1.7,1.1,0.3,1.1,1.7,0.7,0.3,0.5,0,0.1,0.9,0,0
8,João Cancelo,167,Man City,28," D(LR),M(R)  ",27(1),2302,3,1.6,66.2,87.1,0.4,2.4,0.1,7.31,2,5,1,1.3,1.1,2,1.7,0.6,0.1,0.8,1.3,2.4,1.5,1.3,0.3,1,1.4,0.1,0
9,Gareth Bale,30,Tottenham,33," M(CLR),FW  ",10(10),923,2,1.1,18.3,73.2,0.6,1.5,0.1,7.30,11,1,0,1.9,1.2,4,1.4,0.5,0.3,0.4,0.9,0.9,0.4,0.5,0.1,0.7,0.4,0.1,0
10,Nathaniel Phillips,26,Liverpool,26, D(C)  ,15(2),1456,1,0.4,65.7,84.2,0,2.6,0,7.29,1,2,0,0.9,5.6,3,0.1,0.5,0,0.2,0.5,1.3,1.2,1.2,0.5,4.8,0.8,0.8,0
11,Ilkay Gündogan,167,Man City,32, M(C)  ,23(5),2031,2,1.5,61.2,91.7,0.3,1.6,0,7.29,13,1,0,1.9,0.4,2,1,0.9,0,0.5,1.1,0.9,0.7,0.3,0,0.3,1,0.1,0
12,Son Heung-Min,30,Tottenham,30," M(CLR),FW  ",36(1),3127,10,2,28.6,83.4,1,0.8,0,7.27,17,0,0,1.8,0.5,0,1.1,1.5,0.4,1.4,1.6,0.9,0.4,0.4,0,0.1,1.5,0.1,0
13,Wilfred Ndidi,14,Leicester,26," D(C),DMC  ",25(1),2179,4,0.6,55.1,86.9,0,2,0,7.25,1,6,0,0.6,2.2,1,0.6,0.6,0,0.5,1,3.7,2.3,2.1,0.1,2,1.5,0.4,0
14,Jesse Lingard,29,West Ham,30," AM(CLR),FW  ",16,1426,4,1.1,39.6,83.6,0.4,1,0,7.22,9,3,0,2.6,0,2,1.1,1.5,0.4,1.4,1.8,0.8,0.3,1.3,0,0,0.6,0.1,0
15,Raphinha,19,Leeds,26," AM(LR),FW  ",26(4),2364,9,2.1,29.2,72.3,1.3,1.5,0,7.22,6,3,0,2.2,0.3,4,1.9,1,0.5,1.1,2.8,1.1,1,0.4,0,0.9,1.5,0,0
16,Raheem Sterling,167,Man City,28," M(CLR),FW  ",28(3),2537,7,1.3,35.9,86.2,0,0.3,0,7.22,10,4,0,2.3,0.3,4,2.1,1.3,0.3,2.7,2,0.7,0.5,1.2,0,0.1,0.2,0,0
17,James Rodríguez,31,Everton,31," AM(CLR),FW  ",21(2),1776,4,1.7,44.8,83.3,0.7,4.3,0.2,7.21,6,4,0,1.6,0.3,3,1.5,1.7,0.3,1.7,1.4,1.2,0.7,0.7,0,0,1.5,0,0
18,Ollie Watkins,24,Aston Villa,27," AM(LR),FW  ",37,3329,5,1.2,21.7,71.5,0.1,0.2,0,7.18,14,2,1,2.6,3.7,4,1.1,1.3,0.8,2.3,3.1,0.8,0.2,1.3,0,0.6,0.6,0.1,0
19,Kortney Hause,24,Aston Villa,27, D(CL)  ,7,630,0,0,33.1,74.6,0,2.3,0,7.17,1,2,0,0.7,5.6,0,0,0.4,0,0,0.1,0.6,1.1,0.7,0.4,7.6,0.4,0.3,0
20,Rodri,167,Man City,26," D(C),DMC  ",31(3),2749,2,1,81.9,91.3,0.1,4.6,0,7.17,2,6,0,0.9,2.4,1,0.8,0.9,0.1,0.6,0.7,2.1,1.1,1.3,0,1.6,1,0.3,0
21,Michail Antonio,29,West Ham,33," D(R),M(CLR),FW  ",24(2),1984,5,1,17.4,68.2,0.1,0.5,0,7.17,10,3,0,2.4,2.8,2,1.7,1.5,0.6,1.9,3,0.3,0.3,1.1,0,0.3,0.2,0.1,0
22,Dominic Calvert-Lewin,31,Everton,26," AM(L),FW  ",32(1),2876,0,0.5,20.5,68.7,0.1,0.5,0,7.17,16,3,0,2.5,4.7,4,0.7,1.2,0.5,0.9,3.1,0.5,0.2,1.1,0,1,0.2,0.2,0
23,Jimmy Dunne,184,Burnley,25, D(C)  ,3,270,0,0.7,51,68.6,0,3.3,0,7.16,1,1,0,2.3,7.7,0,0.3,1,0,0.3,0.3,1,2,0.7,0.3,5.3,0.3,0.7,0
24,Aaron Wan-Bissaka,32,Man Utd,25," D(R),M(R)  ",34,3060,4,0.9,53.1,84.9,0.4,0.8,0,7.15,2,3,0,0.2,1.1,3,1,0.4,0,0.6,1,2.6,1.8,0.9,0.2,1.8,0.4,0.5,0
25,Phil Foden,167,Man City,22," AM(CLR),FW  ",17(11),1614,5,1.3,27.2,88.2,0.5,0.3,0,7.14,9,0,0,1.6,0.6,3,1.4,1.2,0.1,0.5,1.7,0.8,0.4,0.4,0,0.4,0.5,0,0
26,Joe Willock,23,Newcastle,23, M(C)  ,11(3),980,0,0.6,16.2,77.1,0.2,0.6,0,7.13,8,0,0,1.4,0.8,1,1.6,1.1,0,1.1,1.5,1.9,1.2,0.6,0,0.7,2.4,0.2,0
27,Marcus Rashford,32,Man Utd,25," AM(CLR),FW  ",33(4),2928,9,1.2,32.1,82.1,0.2,0.9,0,7.13,11,4,0,2.1,0.7,3,2.2,1.1,0.7,1.4,2.1,0.5,0.2,0.7,0.1,0.3,0.5,0.1,0
28,Thiago Alcântara,26,Liverpool,32, M(C)  ,20(4),1858,0,1.3,71.7,89.6,0,5,0.1,7.12,1,4,0,0.9,1.3,2,1.4,1,0,0.8,1,2.5,1.3,2,0,0.5,1.3,0,0
29,Allan Saint-Maximin,23,Newcastle,26," AM(CLR),FW  ",19(6),1568,4,1.2,16.7,82.5,0.2,0.6,0,7.12,3,0,0,1.2,0.3,5,3.8,1.8,0.2,2.1,2.2,0.6,0.2,0.4,0,0,0.2,0,0
30,Gabriel Jesus,167,Man City,26," AM(LR),FW  ",22(7),2060,4,1.1,25.2,85,0.1,0.4,0,7.11,9,2,0,1.9,0.7,1,1.7,1.6,0.6,1.3,2,0.6,0.5,1,0,0.2,0.6,0,0
31,Pedro Neto,161,Wolves,23," AM(CLR),FW  ",30(1),2559,6,2,32.9,88.4,1.9,0.5,0,7.11,5,4,0,2,0.6,5,2.1,1.4,0.1,1.3,2.5,0.5,1,0.8,0,0.2,0.7,0.1,0
32,Adama Traoré,161,Wolves,27," M(CLR),FW  ",28(9),2645,2,1.5,18.9,76.3,0.6,0.4,0,7.11,2,4,0,1.2,2,4,4.1,2.3,0.2,1.8,3,0.8,0.2,1.3,0,0.3,0.2,0,0
33,Roberto Firmino,26,Liverpool,31," M(CLR),FW  ",33(3),2852,7,1.2,36.1,80.7,0,0.6,0.1,7.11,9,2,0,2.3,0.6,4,1.6,0.4,0.1,1.3,2.2,0.9,0.3,0.6,0,0.3,0.7,0.1,0
34,Jamie Vardy,14,Leicester,36," AM(L),FW  ",31(3),2846,9,0.8,12.8,67.5,0.1,0.1,0,7.11,15,1,0,2.4,1.5,3,0.8,0.7,1.1,0.4,1.7,0.5,0.1,0.8,0.1,0.9,0.4,0.1,0
35,Mathew Ryan,13,Arsenal,31, GK  ,3,270,0,0.3,15.7,89.4,0,1.7,0,7.10,0,0,0,0,0.3,0,0,0,0,0,0,0,0,0,0,1,0,0,0
36,Youri Tielemans,14,Leicester,26, M(C)  ,37(1),3358,4,1.3,65.2,81.7,0.6,3,0.2,7.09,6,6,0,1.3,0.9,2,1.1,1.4,0,0.9,1.1,2.3,1.2,1,0,0.4,1.7,0.2,0
37,Lucas Digne,31,Everton,29," D(CL),M(L)  ",30,2682,7,1.5,42.2,77.5,1.5,1.3,0,7.08,0,2,1,0.4,3.1,1,0.6,0.7,0.1,0.7,1.1,2.1,1,1.1,0.1,2.4,0.8,0.1,0
38,Christian Benteke,162,Crystal Palace,32, FW  ,21(9),1819,1,0.5,19.2,58.6,0,0.3,0,7.08,10,1,1,2.4,6.8,2,0.5,0.7,0.5,0.9,2,0.5,0.1,1.2,0,1.3,0.2,0.2,0
39,Bernardo Silva,167,Man City,28," M(CLR),FW  ",24(2),2071,6,1,52.8,91.8,0.1,1.9,0,7.07,2,5,0,1.1,0.5,3,1.6,0.7,0.1,0.9,1.3,1,0.7,0.7,0,0.2,1.6,0,0
40,Kurt Zouma,15,Chelsea,28, D(CR)  ,22(2),2025,0,0.2,74,90.9,0,3.8,0,7.07,5,3,0,1.1,3.6,1,0.1,0.3,0,0.2,0.3,0.7,1.2,0.7,0.5,3.8,0.2,0.4,0
41,Solly March,211,Brighton,28, M(CLR)  ,19(2),1675,1,1.3,34.1,76,0.9,2,0,7.07,2,0,0,1,0.7,2,2.1,1.2,0.1,1.1,1,2.3,1,1.2,0,1,0.8,0.2,0
42,James Ward-Prowse,18,Southampton,28, M(CR)  ,38,3420,7,1.6,64.1,86.4,1.4,2.1,0,7.07,8,5,0,1.1,1.2,2,0.4,0.7,0,0.4,0.9,2,1.1,1.2,0,1.4,1.1,0.1,0
43,Mohamed Salah,26,Liverpool,30," AM(CLR),FW  ",34(3),3082,5,1.5,34.1,83.7,0.2,0.6,0.1,7.07,22,0,0,3.4,0.5,3,1,0.6,0.4,2.2,3.1,0.5,0,0.6,0,0.3,0.2,0,0
44,Liam Cooper,19,Leeds,31, D(C)  ,25,2188,0,0,65.9,85.6,0,3.8,0,7.06,1,4,1,0.6,3.8,2,0.2,1.1,0,0,0.3,2.7,2.4,0.9,0.5,2.7,0.9,1.3,0
45,Kiko Casilla,19,Leeds,36, GK  ,3,270,0,0,26,87.2,0,3.7,0,7.06,0,0,0,0,0.7,0,0,0,0,0,0,0,0,0,0,1.3,0,0,0
46,Sèrge Aurier,30,Tottenham,30," D(CLR),M(R)  ",19,1609,3,0.9,41.7,80.8,0.5,1.1,0.1,7.06,2,0,0,0.8,1.9,0,0.9,0.8,0.1,0.7,1.5,2.9,1,1.2,0.2,2.2,1.3,0.3,0
47,Paul Pogba,32,Man Utd,30, M(CL)  ,21(5),1896,3,1,51.3,83,0.1,3.7,0.1,7.06,3,3,0,1.2,2.1,4,1.7,1.5,0.2,1.9,2.1,1.4,1,1.6,0,1.4,0.8,0.1,0
48,Harry Maguire,32,Man Utd,30, D(C)  ,34,3048,1,0.2,65.5,87.3,0,4.5,0,7.04,2,11,0,1.1,4,4,0.2,0.9,0,0.2,0.3,0.9,1.8,1.2,0.6,3.6,0.3,0.7,0
49,John Stones,167,Man City,28," D(CR),DMC  ",22,1934,0,0.1,78.5,93.3,0,2.8,0,7.03,4,0,1,0.7,1.7,1,0.5,0.4,0,0.1,0.2,1,0.8,0.3,0.7,2.5,0.2,0.7,0
50,James Justin,14,Leicester,25," D(CLR),M(LR)  ",23,2070,1,0.9,45.8,80.5,0.3,1.2,0,7.03,2,4,0,0.4,1.1,1,0.8,1.7,0.1,0.6,1.3,2.7,1.3,0.7,0.2,1.9,0.9,0.4,0
51,Luke Shaw,32,Man Utd,27," D(CL),M(L)  ",30(2),2657,5,2.3,50.3,85,1.8,0.9,0,7.03,1,8,0,0.3,1.2,2,1.1,0.9,0.1,0.7,0.8,1.4,0.6,1.3,0.1,1.2,0.5,0.3,1
52,Patrick Bamford,19,Leeds,29," AM(CLR),FW  ",37(1),3066,7,0.8,13.3,77.3,0,0.1,0.1,7.03,17,3,0,2.8,1.2,3,0.5,0.6,0.5,0.6,2.2,0.6,0.3,0.9,0,1,0.5,0.1,0
53,Caoimhín Kelleher,26,Liverpool,24, GK  ,2,180,0,0,26,75,0,2,0,7.03,0,0,0,0,0,0,0,0,0,0,0,0,0,0,0,1,0,0,0
54,James Tarkowski,184,Burnley,30, D(C)  ,36,3240,0,0.3,35,70.1,0.1,3.6,0,7.02,1,6,0,0.6,4.6,3,0.3,0.8,0.1,0.1,0.5,1.8,1.2,0.8,0.6,4.4,0.7,1.2,0
55,Antonio Rüdiger,15,Chelsea,30, D(CR)  ,19,1710,0,0.2,80.2,89.4,0.1,4,0,7.02,1,0,0,0.7,2.2,0,0.2,0.6,0.1,0.1,0.5,1.6,0.9,0.8,0.5,2.7,0.2,0.5,1
56,Trent Alexander-Arnold,26,Liverpool,24," D(R),M(R)  ",34(2),3033,7,2.1,66.1,79.4,1.9,4.2,0.1,7.02,2,2,0,1.5,0.2,2,0.9,0.3,0.1,0.6,0.9,1.6,1.4,0.6,0.4,1.2,0.6,0.1,0
57,Wesley Fofana,14,Leicester,22, D(C)  ,27(1),2265,0,0.2,60.3,86.4,0,2.7,0,7.01,0,7,0,0.4,3.3,0,0.5,1,0.1,0.4,1,1.8,2.2,1.3,0.5,3.3,0.5,0.6,0
58,Declan Rice,29,West Ham,24," D(C),DMC  ",32,2880,1,0.7,47.7,88,0.3,2.3,0,7.01,2,2,0,0.8,1.4,1,0.9,0.4,0.1,0.6,1.1,1.8,1.8,0.7,0,1.1,0.9,0.3,0
59,Kalvin Phillips,19,Leeds,27," D(C),DMC  ",28(1),2431,2,1.2,48.4,84.7,1,4.7,0.1,7.01,1,10,0,0.5,1,1,0.7,1.1,0,0.6,1.4,2.6,1.6,1.6,0.1,1.7,1.2,0.5,0
60,James Maddison,14,Leicester,26, AM(CLR)  ,24(7),2105,5,1.6,32.9,83.3,0.8,1.1,0.1,7.00,8,4,0,2.4,0.1,2,0.9,1.8,0.2,1.1,1.8,1,0.3,0.6,0,0.1,0.9,0,0
61,Ben Chilwell,15,Chelsea,26," D(L),M(L)  ",27,2290,5,1.1,54.4,82,1,1.9,0,7.00,3,3,0,1,1.4,2,0.6,1.5,0.3,0.7,1.3,1.6,0.9,0.9,0.1,1.7,0.7,0.1,0
62,Emiliano Martínez,24,Aston Villa,30, GK  ,38,3420,0,0.1,29.8,62.5,0,7,0,7.00,0,1,0,0,0.3,3,0,0.2,0,0,0,0.1,0.1,0,0,0.4,0,0,0
63,André-Frank Zambo Anguissa,170,Fulham,27, M(C)  ,29(7),2587,3,0.8,39.3,84.2,0.1,1.1,0.1,6.99,0,6,0,0.9,1.8,4,2.7,0.8,0,1.4,2,2.2,1.6,1.2,0,0.4,1.1,0.2,0
64,Yves Bissouma,211,Brighton,26, M(C)  ,35(1),3114,0,0.4,46.8,87.4,0,2.1,0,6.98,1,8,1,1.2,1.1,0,1.5,0.9,0,0.8,0.9,2.9,1.8,1.5,0,1.8,0.9,0.2,0
65,Richarlison,31,Everton,26," AM(CLR),FW  ",33(1),2872,3,0.7,22,70,0.1,0.4,0.1,6.98,7,4,1,2.4,1.2,4,1.8,2.1,0.7,1.6,2,1.4,0.4,1,0,1,1,0.1,0
66,Harvey Barnes,14,Leicester,25, AM(CL)  ,22(3),1950,4,1,24.2,75.2,0.1,0.7,0,6.98,9,0,0,2.2,1,2,1.6,1.3,0,1.2,2.3,0.8,0.3,0.6,0,0.4,0.7,0.1,0
67,Alex Telles,32,Man Utd,30," D(CL),M(L)  ",8(1),692,2,1.3,50.9,84.7,1.3,1.6,0.1,6.97,0,0,0,0.6,1.9,0,0.3,0.4,0.1,0.6,0.6,1.6,1.8,0.4,0.1,2,1,0.2,0
68,Okay Yokuslu,175,West Brom,29," D(C),DMC  ",15(1),1319,1,0.4,33.1,82.5,0,1.9,0,6.96,0,4,0,0.8,2.6,0,1.2,1.8,0.1,0.6,1.4,2.4,2.2,1.6,0,2,1.1,0.2,0
69,Jack Harrison,19,Leeds,26," AM(CLR),FW  ",34(2),2858,8,1.6,27.5,74,0.9,0.9,0,6.96,8,2,0,1.3,0.7,4,1.2,0.6,0.3,1.8,2.6,1.8,0.4,0.8,0,0.5,0.9,0.1,0
70,Matheus Pereira,175,West Brom,27, AM(CLR)  ,30(3),2582,6,1.8,28.5,79.6,1.1,1.5,0.2,6.96,11,2,1,2,0.4,2,1.2,1.6,0.4,1.4,2.2,0.8,0.9,1,0,0.4,1.3,0,0
71,Joël Matip,26,Liverpool,31, D(C)  ,9(1),693,2,0.3,54.6,87.7,0,1.4,0.1,6.96,1,2,0,0.5,2.3,1,0,0.4,0,0.1,0.3,1.4,0.7,1.1,1.2,2.2,0.1,0,0
72,Vladimír Coufal,29,West Ham,30," D(R),M(R)  ",34,3055,7,1.3,37.6,71.2,1,1,0,6.95,0,3,0,0.4,1.6,1,0.4,1,0,0.5,1.1,2.1,1.2,0.9,0.3,2.6,1.1,0.2,0
73,Pierre-Emile Højbjerg,30,Tottenham,27, M(C)  ,38,3420,4,0.4,72.8,88.5,0,2.8,0,6.95,2,9,0,0.4,1.2,1,0.6,1.4,0,0.5,1,2.6,1.3,1.8,0,1.7,2,0.2,0
74,Luke Ayling,19,Leeds,31," D(CR),M(R)  ",38,3400,0,0.7,62.7,79,0.4,4.6,0.1,6.94,0,7,0,0.6,1.7,0,1.1,1.4,0.1,0.6,1.4,2.8,0.9,0.8,0.4,2,1,0.9,0
75,Scott Carson,167,Man City,37, GK  ,1,90,0,0,10,90,0,0,0,6.94,0,0,0,0,0,0,0,0,0,0,0,0,0,0,0,0,0,0,0
76,Reece James,15,Chelsea,23," D(CR),DMC,M(R)  ",25(7),2367,2,1.3,53,88.4,1.1,2.3,0,6.94,1,3,0,1.1,1.3,1,1.1,0.5,0,0.7,0.8,1.7,0.5,1,0.1,1.3,0.7,0.2,0
77,Oriol Romeu,18,Southampton,31, DMC  ,20(1),1768,1,0.7,60.7,82.6,0.1,1.8,0,6.93,1,6,0,0.7,1.5,2,0.7,1.1,0,0.9,1.1,3.3,1.4,1.4,0,0.7,2,0.3,0
78,Matty Cash,24,Aston Villa,25," D(R),M(CLR)  ",28,2380,2,0.8,36,75.7,0.8,2,0,6.93,0,6,1,0.3,1.3,1,0.4,0.8,0.1,0.5,0.7,2.5,2.1,1.3,0.1,2.9,1.2,0.4,0
79,Scott McTominay,32,Man Utd,26," D(C),DMC  ",24(8),2128,1,0.5,40.6,87,0.1,2.1,0,6.93,4,3,0,0.8,1.5,0,0.8,1.3,0,0.5,1.3,1.6,0.9,1.5,0,1.3,0.4,0.3,0
80,Ahmed Hegazy,175,West Brom,32, D(C)  ,1,90,0,0,56,67.9,0,4,0,6.93,0,0,0,0,5,0,0,0,0,0,3,0,1,0,0,7,0,0,0
81,Ben Mee,184,Burnley,33, D(CL)  ,30,2694,0,0.2,37.4,71.1,0,3.7,0,6.93,2,3,0,0.7,3.7,2,0.1,0.6,0,0.1,0.3,1.1,1.4,0.5,0.7,4.9,0.5,1.5,0
82,Anthony Elanga,32,Man Utd,21, AM(LR)  ,2,156,0,0.5,26.5,75.5,0.5,1,0,6.93,1,0,0,1,0.5,1,1.5,2,0.5,1,4,2,0.5,1,0,0.5,0.5,0.5,0
83,Fred,32,Man Utd,30, M(C)  ,27(3),2397,0,0.8,60.2,87.7,0,3.3,0.1,6.92,1,5,0,0.8,0.3,0,0.8,1,0,1,1,2.7,1.5,1.5,0,0.7,2,0.3,0
84,Timothy Fosu-Mensah,32,Man Utd,25, D(CR)  ,1,81,0,2,66,90.9,1,1,0,6.92,0,1,0,1,1,0,2,0,1,2,0,2,3,1,0,1,0,0,0
85,César Azpilicueta,15,Chelsea,33," D(CLR),M(R)  ",24(2),2191,2,1,72.6,86.9,0.3,1.5,0.1,6.92,1,5,1,0.4,2.1,1,0.2,0.5,0.2,0.2,0.7,2,1.1,1.2,0.1,2.3,0.7,0.2,0
86,Ademola Lookman,170,Fulham,25," AM(CLR),FW  ",31(3),2756,4,1.8,30.9,80.9,0.9,0.6,0.1,6.92,4,5,0,2,0.2,2,2.4,1.7,0.4,2.1,3.1,1,0.6,1.4,0,0.2,0.9,0,0
87,Michael Keane,31,Everton,30, D(CR)  ,33(2),2990,1,0.2,55.4,87.2,0,3.7,0,6.92,3,4,0,0.5,3.2,2,0.1,0.2,0,0.1,0.2,0.8,1.5,0.4,0.3,4.5,0.5,0.9,0
88,Rúben Dias,167,Man City,25, D(C)  ,32,2845,0,0.1,84.8,93.2,0,3.4,0,6.91,1,4,0,0.4,1.9,0,0.2,0.6,0,0.1,0.3,0.8,1.1,0.7,0.3,2.8,0.4,0.7,1
89,Thiago Silva,15,Chelsea,38, D(C)  ,23,1938,0,0.2,84.3,93,0,5,0,6.91,2,3,1,0.6,2,0,0.1,0.7,0,0.1,0.3,0.9,1.4,0.6,0.6,3.6,0.3,0.6,0
90,Raúl Jiménez,161,Wolves,32, FW  ,10,825,0,0.5,25.9,79.2,0.1,1.5,0,6.91,4,0,0,2.6,1.5,1,1,1.7,0.4,1.8,3.2,0.3,0.8,0.9,0,1,0.7,0,1
91,Illan Meslier,19,Leeds,23, GK  ,35,3150,0,0,30.9,77.1,0,4.8,0,6.91,0,0,0,0,0.6,3,0,0.3,0,0,0.1,0,0,0,0,1.2,0,0,1
92,Diego Llorente,19,Leeds,29," D(C),DMC  ",14(1),1206,0,0.3,47.9,83.3,0,2.7,0.1,6.90,1,1,0,0.5,2.2,1,0.4,0.6,0,0.5,0.7,2.3,1.3,1,0.3,2.5,0.9,0.9,0
93,Matt Targett,24,Aston Villa,27," D(L),M(L)  ",38,3405,2,1,44.3,78,0.7,3.1,0,6.90,0,7,0,0.2,1.9,0,0.4,0.6,0,0.2,0.6,2.2,1.4,0.7,0.2,2.3,0.8,0.4,0
94,Marcos Alonso,15,Chelsea,32," D(CL),M(L)  ",11(2),960,0,1.2,39.1,82.5,0.2,1.2,0,6.90,2,2,0,1.7,1.8,1,0.7,0.9,0.2,0.7,1,1,0.9,1,0,2.2,0.5,0.1,0
95,Nélson Semedo,161,Wolves,29," D(LR),M(R)  ",34,2988,1,0.6,46.1,81,0.5,1.6,0,6.90,1,5,0,0.7,1.2,1,1.8,1,0.1,0.8,1.6,2.5,1.2,1.2,0.2,2.1,0.9,0.3,1
96,Diogo Jota,26,Liverpool,26," AM(CLR),FW  ",12(7),1113,0,0.6,22.4,74.9,0.1,0.4,0.1,6.89,9,2,0,2.4,0.7,0,1.1,1.1,0.1,1.1,2.1,0.6,0.3,1.3,0,0.2,1.4,0,0
97,Jannik Vestergaard,18,Southampton,30, D(C)  ,29(1),2575,0,0.2,58.8,83.6,0,3.6,0,6.89,3,3,1,0.8,3.3,1,0.2,0.4,0,0.2,0.4,1.7,1.4,0.6,0.5,4,0.6,0.5,0
98,Arthur Masuaku,29,West Ham,29," D(L),M(L)  ",12,1011,2,0.9,39.7,83.2,1,0.9,0,6.89,0,2,0,0.5,0.8,0,2.4,0.7,0.1,1.3,1.2,1.7,0.7,0.8,0.2,1.4,1.9,0,0
99,Alexandre Lacazette,13,Arsenal,31," M(CLR),FW  ",22(9),1931,2,0.7,16.6,78.8,0,0.4,0.1,6.89,13,3,0,1.5,0.9,3,0.7,1.7,0.3,1,1.6,0.6,0.4,1.2,0,0.4,0.6,0,0
100,Andros Townsend,162,Crystal Palace,31," AM(LR),FW  ",25(9),2259,5,1.2,20.7,73.7,1.6,0.5,0,6.88,1,0,0,1.1,0.1,1,1.3,1.6,0.1,1.6,1.4,2.3,1.2,0.8,0,0.4,1.4,0.1,0
101,John McGinn,24,Aston Villa,28, M(CR)  ,37,3330,5,1.1,36.9,79.4,0.3,3.3,0.1,6.88,3,12,0,1.2,0.6,0,1.4,2.1,0,0.9,1.8,1.6,1.2,1.2,0.1,0.6,1.5,0.2,0
102,Wilfried Zaha,162,Crystal Palace,30," AM(LR),FW  ",29(1),2614,2,1,24.5,78.3,0.2,0.3,0.1,6.88,11,6,0,2,0.3,2,1.8,2.9,0.7,2.6,3.6,0.9,0.3,1.1,0,0,0.6,0,0
103,Andrew Robertson,26,Liverpool,29," D(L),M(L)  ",38,3386,7,1.7,70.5,84.4,1.6,2.1,0,6.88,1,2,0,0.5,0.8,0,0.7,0.3,0.2,0.3,1.1,1.2,0.6,0.6,0.3,1.8,0.8,0.2,0
104,Bukayo Saka,13,Arsenal,21," D(L),M(CLR)  ",30(2),2562,3,1.2,30.6,81.8,1,0.4,0,6.88,5,1,0,1.9,0.4,2,1.4,2,0.5,1.3,2.3,0.8,0.8,0.9,0,0.6,0.9,0.1,1
105,Jorginho,15,Chelsea,31, DMC  ,23(5),2014,1,0.9,63.7,89.2,0.1,2.7,0.1,6.88,7,2,0,0.5,0.6,4,0.6,1,0,0.5,0.7,2,1.4,1.1,0,0.7,1.6,0.2,0
106,Jonny Evans,14,Leicester,35, D(CL)  ,28,2476,2,0.4,66.1,85.9,0,3.9,0,6.87,2,7,0,0.3,3.3,1,0.3,0.4,0,0.1,0.1,0.9,1.6,0.6,0.6,3.4,0.2,0.1,1
107,Romain Saïss,161,Wolves,33," D(C),DMC  ",27,2408,0,0.2,52.9,81.2,0.1,4,0,6.87,3,2,0,1,2.6,2,0.3,0.4,0,0.1,0.4,1.3,1.9,1.1,0.5,4.1,0.5,0.5,0
108,Stuart Dallas,19,Leeds,32," D(LR),M(CLR)  ",38,3411,2,0.7,51.6,83.7,0.3,2,0,6.87,8,7,0,1.3,0.9,3,0.6,1.3,0,0.9,1.4,1.9,1.2,1.1,0.1,1.2,1.5,0.1,0
109,Dwight McNeil,184,Burnley,23, AM(CLR)  ,34(2),3071,5,1.3,30.7,78.9,1.4,1.8,0,6.87,2,1,0,0.7,0.5,1,1.8,1.1,0.1,1.7,1.6,1.3,0.9,0.3,0,0.5,1.1,0.2,0
110,Nick Pope,184,Burnley,31, GK  ,32,2880,0,0.1,26.2,44.6,0,8.7,0,6.86,0,1,0,0,0.3,6,0,0.2,0,0,0.1,0,0.1,0.1,0,1.3,0,0,0
111,Tanguy Ndombélé,30,Tottenham,26, M(C)  ,28(5),2108,2,0.4,35.5,85.6,0.1,0.6,0.1,6.86,3,3,0,0.5,0.3,2,2.2,1.8,0,1,1.7,1.2,0.6,0.8,0,0.3,0.8,0.1,0
112,Yerry Mina,31,Everton,28, D(C)  ,23(1),1939,0,0,52.4,90.1,0,2.2,0,6.86,2,2,0,0.7,2.8,1,0,0.5,0,0,0.1,0.9,1,0.9,0.3,4.5,0.2,1,0
113,N'Golo Kanté,15,Chelsea,32, M(C)  ,24(6),2146,2,0.7,51,86.5,0,2.3,0,6.86,0,7,0,0.3,0.6,1,0.9,0.2,0,0.5,1.6,2.6,2,1.2,0,0.9,1,0.1,0
114,Toby Alderweireld,30,Tottenham,34, D(CR)  ,25,2241,0,0.3,57.5,82.5,0,4.4,0.1,6.86,1,2,0,0.4,1.8,0,0.2,0.1,0,0.1,0.1,1.4,0.4,0.7,0.7,4.6,0.5,1.1,1
115,Dani Ceballos,13,Arsenal,26, M(CL)  ,17(8),1616,3,1.1,50.9,87.2,0.4,2.8,0.1,6.85,0,4,0,0.5,0.3,2,1,1,0,0.6,0.9,1.5,1.4,0.9,0.1,0.6,1.2,0.2,0
116,Bertrand Traoré,24,Aston Villa,27," AM(R),FW  ",29(7),2338,6,1,19.4,77.7,0.6,1.2,0.1,6.85,7,1,0,1.8,0.9,3,1.4,1.1,0.2,0.7,1.9,0.7,0.4,0.9,0,0.3,0.7,0,0
117,Fikayo Tomori,15,Chelsea,25, D(CR)  ,0(1),45,0,0,29,96.6,0,0,0,6.85,0,0,0,0,0,0,0,0,0,0,0,2,2,1,0,8,0,1,0
118,Gaetano Berardi,19,Leeds,34, D(CLR)  ,1(1),114,0,0,27.5,83.6,0,1,0,6.85,0,0,0,0.5,2,0,0,0,0,0,0,1,0.5,0.5,0,1,0,0.5,0
119,Mateo Kovacic,15,Chelsea,29, M(CL)  ,21(6),1820,1,0.8,65.3,90.8,0,3.5,0.1,6.84,0,4,0,0.9,0.4,2,2,1.1,0,0.9,1,1.7,0.6,0.6,0,0.3,0.6,0,0
120,Tom Cairney,170,Fulham,32, M(CR)  ,9(1),759,1,1.7,59.4,92.3,1.2,4,0,6.84,1,2,0,1.2,0.4,0,1.6,1.8,0.1,1.1,1.5,0.9,0,0.4,0,0.1,0.3,0,0
121,Joël Veltman,211,Brighton,31," D(CR),M(R)  ",25(3),2283,1,0.8,44.6,77.7,0.7,2.5,0,6.84,1,3,0,0.5,1.5,0,0.6,1.4,0,0.3,0.6,2.4,1.2,1.2,0.2,2.1,1,0.2,0
122,Martin Dúbravka,23,Newcastle,34, GK  ,13,1170,0,0,28.5,70.1,0,5.6,0,6.84,0,0,0,0,0.4,1,0,0.4,0,0,0.1,0,0,0,0,0.9,0,0,0
123,Oleksandr Zinchenko,167,Man City,26," D(L),M(CLR)  ",15(5),1474,0,0.8,68.4,89.8,0.3,1.5,0,6.84,0,0,0,0.8,1.5,0,0.3,0.2,0.1,0.3,0.8,1.3,1.2,0.5,0.2,1.3,0.5,0.2,0
124,Antonee Robinson,170,Fulham,25," D(L),M(L)  ",24(4),2162,0,1,37.4,74.9,1,1.2,0,6.84,0,4,1,0.4,1.3,1,1.8,0.3,0,0.8,1.6,1.6,1.3,0.7,0.1,1.9,0.6,0.1,0
125,Kelechi Iheanacho,14,Leicester,26," AM(C),FW  ",16(9),1458,2,1.1,20.2,79.8,0.2,0.4,0.2,6.84,12,1,0,2.4,0.3,2,1.3,0.5,0.4,1.4,2.3,0.5,0.1,1,0,0,0.5,0,0
126,João Virgínia,31,Everton,23, GK  ,0(1),47,0,0,12,41.7,0,2,0,6.84,0,0,0,0,0,0,0,0,0,0,0,0,0,0,0,0,0,0,0
127,Terence Kongolo,170,Fulham,29, D(CL)  ,1,90,0,0,44,81.8,1,0,0,6.84,0,0,0,0,3,0,0,1,0,0,0,3,2,1,1,2,0,0,0
128,Anthony Martial,32,Man Utd,27," AM(LR),FW  ",17(5),1488,3,0.8,21.9,84.4,0,0.2,0,6.84,4,0,1,2,0.8,1,1.6,1.2,0.7,1.7,2.3,0.1,0,0.7,0,0.4,0.5,0.1,0
129,James McArthur,162,Crystal Palace,35, M(CLR)  ,17(1),1471,2,0.8,42.9,81.7,0.1,1.9,0,6.84,0,3,0,0.3,1.2,1,0.8,0.8,0,0.6,0.9,3.2,1.3,1.8,0.1,1.6,1.3,0.2,0
130,Lewis Dunk,211,Brighton,31, D(C)  ,33,2933,0,0.3,67.4,89.4,0,5.5,0,6.84,5,5,2,1,2.4,0,0.2,0.6,0.1,0,0.4,0.9,1,0.7,0.7,3.2,0.2,0.6,1
131,Kyle Walker-Peters,18,Southampton,26," D(LR),M(R)  ",30,2649,2,0.5,44.1,80.9,0.2,1.1,0,6.84,0,4,0,0.6,0.5,0,1.5,1.4,0.2,1.6,1.2,2.8,1.3,1.1,0.2,1.7,0.8,0.3,0
132,Danny Ings,18,Southampton,30," AM(C),FW  ",26(3),2185,4,0.8,17.3,66.3,0.1,0.4,0,6.84,12,1,0,2,0.8,2,1,0.6,0.6,0.6,2.3,0.8,0.1,0.7,0,0.7,0.6,0.1,0
133,Callum Wilson,23,Newcastle,31, FW  ,23(3),2086,5,0.7,13.1,69.5,0,0.1,0,6.84,12,2,0,1.9,1.7,4,1,1.6,0.8,1.5,2.8,0.5,0.3,1.5,0,0.5,0.4,0.1,0
134,Trézéguet,24,Aston Villa,28, AM(LR)  ,12(9),1166,1,0.6,13.7,75.7,0.2,0.6,0,6.83,2,0,0,1.7,1.3,1,0.8,0.9,0.2,0.6,1.3,1.6,0.9,1.9,0,0.6,1.5,0,0
135,Timothy Castagne,14,Leicester,27," D(CLR),M(LR)  ",27,2346,3,0.8,49,84.3,0.3,0.9,0,6.82,2,1,0,0.3,1.6,2,0.4,0.5,0,0.4,0.9,1.9,1.1,0.7,0.2,1.9,0.7,0.2,0
136,Pascal Groß,211,Brighton,31," D(R),M(CR),FW  ",27(7),2482,8,2.1,41.9,81.6,2,2.7,0,6.82,3,3,0,0.9,0.6,1,0.3,0.5,0.1,0.5,1,1.3,0.7,0.6,0,0.4,0.9,0.1,0
137,Fabinho,26,Liverpool,29," D(CR),DMC  ",28(2),2565,0,0.1,70.3,90.3,0,3.3,0,6.82,0,6,0,0.3,1.8,0,0.2,0.9,0,0.2,0.6,1.9,1.5,1,0.5,2.2,0.9,0.3,0
138,Stuart Armstrong,18,Southampton,31, AM(CLR)  ,32(1),2774,5,1.1,37.5,80.7,0.2,1,0.1,6.82,4,3,0,1.7,0.2,2,2.1,1.1,0.1,2.1,2.3,1.8,0.7,1,0.1,0.6,1.5,0,0
139,Jordan Henderson,26,Liverpool,32," D(C),M(CLR)  ",20(1),1708,1,0.7,86.4,87.3,0.2,4,0.1,6.82,1,0,0,0.7,0.5,0,0.4,0.5,0,0.2,0.3,1.1,1.6,0.4,0.6,1.2,0.8,0,0
140,Aaron Cresswell,29,West Ham,33," D(CL),M(L)  ",36,3172,8,1.6,45.9,78.9,1.6,3.3,0,6.81,0,3,0,0.5,1,2,0.1,0.5,0,0.3,0.4,0.9,0.9,0.4,0.1,2,0.4,0.4,0
141,Chris Wood,184,Burnley,31, FW  ,32(1),2750,3,0.7,19.8,65.1,0,0.1,0,6.81,12,0,0,2.1,4.7,1,0.2,0.7,0.7,1.3,2.4,0.4,0,1.2,0,0.6,0.4,0.1,0
142,Eberechi Eze,162,Crystal Palace,24, AM(CLR)  ,29(5),2565,6,1.3,32,84.2,0.7,0.7,0,6.81,4,3,0,1.1,0.4,4,1.9,2.1,0,1.1,1.7,0.8,0.7,0.5,0,0.2,0.6,0.1,0
143,Rúben Neves,161,Wolves,26, DMC  ,31(5),2680,1,0.9,54.9,84.4,0.1,5.3,0,6.81,5,8,0,1.9,0.7,1,0.3,0.5,0,0.4,0.7,2.4,1.8,1.3,0.1,1.1,1.4,0.3,0
144,Fernandinho,167,Man City,38," D(CR),DMC  ",12(9),1185,2,0.7,48.3,87.2,0,2.2,0,6.81,0,6,0,0.7,1.4,0,0.5,0.5,0,0.2,0.3,1.5,1.1,1,0.1,0.8,1.1,0.1,0
145,Timo Werner,15,Chelsea,27," AM(CLR),FW  ",29(6),2608,8,1,22.3,78.8,0.3,0.2,0,6.81,6,2,0,2.3,0.3,1,0.8,0.9,0.8,0.8,2.5,0.6,0.2,0.8,0,0.2,1,0,0
146,Pascal Struijk,19,Leeds,23," D(CL),DMC  ",22(5),2074,0,0.1,48,86,0,2.3,0,6.81,1,3,0,0.5,1.7,0,0.1,0.3,0,0.3,0.4,1.8,1.7,1,0.2,3.1,0.4,0.8,0
147,Tyrone Mings,24,Aston Villa,30, D(CL)  ,36,3195,2,0.2,46.6,77.9,0,3.7,0,6.81,2,4,1,0.5,2.5,0,0.2,0.5,0.1,0.1,0.5,0.9,1.1,0.6,0.4,4.7,0.2,1.1,1
148,Jonjo Shelvey,23,Newcastle,31, M(C)  ,29(1),2617,3,1.2,46.7,76.4,0.7,5.8,0,6.80,1,7,0,1.4,0.9,0,0.7,0.3,0,0.2,0.6,1.3,1.2,1,0,1.3,0.9,0.5,0
149,Leandro Trossard,211,Brighton,28," M(CLR),FW  ",30(5),2622,5,1.4,28.5,78.8,0.7,1.6,0,6.80,5,2,0,1.7,0.1,2,1.1,0.9,0.1,1.7,1.9,0.9,0.7,0.8,0,0.1,0.7,0.1,0
150,Andreas Christensen,15,Chelsea,27," D(C),DMC  ",15(2),1375,0,0.4,67.1,91.3,0,3.1,0.1,6.80,0,2,1,0.2,2.2,0,0.4,0.4,0,0.1,0.5,0.6,1.2,0.5,0.4,2.9,0.5,0.8,0
151,Joachim Andersen,170,Fulham,26, D(C)  ,30(1),2730,1,0.3,63.2,81.4,0,5.8,0,6.79,1,7,1,0.4,3.2,2,0.3,0.5,0,0.1,0.3,1.1,1.4,1.3,1.1,4.8,0.4,0.4,0
152,Karl Darlow,23,Newcastle,32, GK  ,25,2250,0,0,25.1,45.7,0,7.4,0,6.79,0,3,0,0,0.7,1,0,0.2,0,0,0,0,0,0,0,1.7,0,0,0
153,Calum Chambers,13,Arsenal,28," D(CR),DMC  ",8(2),752,2,1.1,47.9,83.9,0.6,1.3,0.1,6.79,0,0,0,0.8,2,0,0.4,0.2,0,0.4,0.7,0.7,1,0.7,0.2,3.6,0.5,0.2,0
154,Rob Holding,13,Arsenal,27, D(CR)  ,28(2),2558,1,0.1,60.1,87,0,3.1,0,6.79,0,2,0,0.5,2.4,1,0.3,0.2,0.1,0.2,0.4,1.4,0.8,0.8,0.5,4,0.6,0.9,1
155,Anwar El Ghazi,24,Aston Villa,28," AM(LR),FW  ",17(11),1617,0,0.9,18.7,75.3,0.8,0.4,0,6.78,10,2,0,2.3,1,2,0.9,1,0.2,1.3,1.7,0.6,0.2,0.6,0,0.4,0.6,0,0
156,Conor Hourihane,24,Aston Villa,32, M(C)  ,3(1),228,1,1.3,33.3,87.2,1,1,0,6.78,1,0,0,1.3,0.5,0,0,0,0,0,0.3,0,0,0.3,0,0.5,0.5,0,0
157,Abdoulaye Doucouré,31,Everton,30, M(C)  ,29,2452,3,0.7,46.2,85.1,0,1.3,0.1,6.78,2,6,0,0.6,1.3,0,0.7,0.4,0,0.9,1.2,1.8,1.3,0.8,0.1,0.9,1,0.2,0
158,Amad Diallo,32,Man Utd,20, AM(CR)  ,2(1),167,1,0.7,21,82.5,0,0.7,0.3,6.78,0,0,0,0.3,0.3,0,1.7,1.3,0,1.7,1.7,1,0,0.7,0,0.3,0,0.3,0
159,Pablo Fornals,29,West Ham,27, M(CLR)  ,31(2),2583,4,0.9,32.1,79.4,0.2,0.8,0,6.78,5,3,0,1.5,0.7,1,0.9,0.5,0.2,0.6,1.1,1.3,1.1,0.8,0,0.2,1.9,0,0
160,Pierre-Emerick Aubameyang,13,Arsenal,33," M(CLR),FW  ",26(3),2337,3,0.8,21.5,78,0.3,0.4,0,6.78,10,2,0,2,1.2,1,0.4,0.6,0.6,0.7,1.3,0.4,0.2,0.4,0,0.5,0.6,0,1
161,Ben Godfrey,31,Everton,25, D(CLR)  ,29(2),2683,2,0.1,39.3,84.7,0.1,1.2,0,6.78,0,4,0,0.5,1.8,0,0.3,0.5,0.1,0.2,0.9,1.8,1.1,0.5,0.3,3.5,0.5,1.2,1
162,Ché Adams,18,Southampton,26," AM(CL),FW  ",30(6),2675,5,1,16.9,70.3,0,0.7,0.2,6.77,9,1,0,1.5,1.5,0,0.8,1.5,0.5,1.2,2.4,0.7,0.1,0.8,0.1,0.5,0.3,0.1,0
163,Adam Webster,211,Brighton,28, D(C)  ,29,2595,0,0.2,63.4,80.9,0,3.4,0,6.77,1,4,0,0.9,2.7,1,0.6,0.5,0,0.2,0.9,1,1.6,0.8,0.3,2.9,0.4,0.6,0
164,Kyle Bartley,175,West Brom,31, D(C)  ,28(2),2584,1,0.2,27.6,77.1,0,1.7,0,6.77,3,4,0,0.5,3.6,1,0.1,0.3,0.2,0.1,0.3,0.9,1.3,1,0.5,5.3,0.4,1.2,0
165,Emile Smith Rowe,13,Arsenal,22, AM(CL)  ,18(2),1448,4,1.4,36.3,88.7,0.1,0.6,0.1,6.77,2,0,0,0.7,0.2,0,0.5,1,0.2,0.4,1.9,0.7,0.5,0.3,0,0.5,0.6,0.1,0
166,Allan,31,Everton,32, DMC  ,23(1),2052,0,0.7,44,85.6,0,2.4,0,6.77,0,6,0,0.3,0.2,0,1.3,1.3,0,0.8,0.9,3.3,0.8,1.5,0.1,1,2.8,0.5,0
167,Kyle Walker,167,Man City,32," D(CR),M(R)  ",22(2),1947,1,0.3,72.2,90.2,0.1,3.7,0,6.77,1,1,0,0.4,1.1,1,1,0.5,0,0.7,0.7,1.2,0.6,1,0.3,0.9,0.3,0.3,0
168,Josh Brownhill,184,Burnley,27, M(CR)  ,32(1),2816,1,0.5,35.5,78.3,0.1,1,0,6.76,0,2,0,1,2,0,0.5,1,0.1,0.5,1.1,1.4,2.1,1.1,0,1.1,0.9,0.3,0
169,Aymeric Laporte,167,Man City,28, D(CL)  ,14(2),1343,0,0.3,79.6,91.1,0,2.9,0,6.76,0,1,0,0.4,2.6,0,0.1,0.6,0.1,0.1,0.5,0.8,0.7,0.6,0.6,1.8,0.3,0.4,0
170,Ferran Torres,167,Man City,23," AM(LR),FW  ",15(9),1306,2,0.8,16.9,85.2,0.1,0.4,0,6.76,7,1,0,1.5,0.6,2,0.8,0.7,0.2,0.9,1,0.5,0.1,0.7,0,0.3,0.5,0,0
171,Nicolas Pépé,13,Arsenal,27," AM(LR),FW  ",16(13),1614,1,0.4,21.7,81.1,0.2,0.2,0,6.76,10,1,1,1.7,1.2,4,1,0.9,0.1,0.8,1.9,0.7,0.4,0.4,0,0.4,0.5,0,0
172,Ross Barkley,24,Aston Villa,29, M(CLR)  ,18(6),1537,1,1.6,30.3,84.8,0.8,1.4,0,6.75,3,0,0,1.6,0.9,0,1.2,0.7,0.2,1.3,1.6,0.3,0.2,0.5,0,0.3,0.5,0,0
173,Hugo Lloris,30,Tottenham,36, GK  ,38,3420,0,0,23.6,69.3,0,4.8,0,6.75,0,0,0,0,0.2,2,0,0.1,0,0,0,0,0,0,0,0.5,0,0,0
174,Willy Boly,161,Wolves,32, D(C)  ,21,1880,1,0.1,49.3,82.5,0,1.9,0,6.75,1,2,0,0.7,2.7,1,0.2,0.4,0,0.1,0.5,1.6,1.5,0.7,0.2,4,0.5,0.6,0
175,Dan Burn,211,Brighton,31," D(CL),M(L)  ",23(4),2060,0,0.4,40.7,75.6,0.3,1.1,0,6.75,1,5,0,0.6,3.6,3,0.4,0.2,0.1,0.3,1,1.9,1.1,1.3,0.1,2.6,1,0.3,1
176,Sébastien Haller,29,West Ham,28, FW  ,10(6),935,0,0.6,15.3,64.1,0.1,0.6,0,6.75,3,0,0,1.6,4.2,1,0.6,0.9,0.6,1.4,2.6,0.9,0.3,1.5,0.1,0.4,1,0.1,0
177,Ezri Konsa,24,Aston Villa,25, D(CR)  ,35(1),3193,0,0.1,35.8,84.7,0,2.1,0,6.75,2,3,0,0.6,2.7,1,0.2,1.5,0,0.2,0.5,0.7,0.8,0.5,0.4,4.4,0.1,1.3,0
178,Jarrod Bowen,29,West Ham,26," AM(CLR),FW  ",30(8),2579,5,0.8,16.3,74.4,0.8,0.8,0,6.75,8,0,0,1.4,0.6,1,0.9,1.4,0.4,1.3,1.7,0.7,0.6,0.4,0,0.1,0.5,0,0
179,Matt Doherty,30,Tottenham,31," D(LR),M(LR)  ",13(4),1239,2,0.6,39.8,80.5,0.5,1.2,0,6.75,0,2,1,0.2,2.9,1,0.3,0.7,0,0.5,1.1,1.7,1.4,1.2,0.2,2.1,1.2,0.3,0
180,Thomas Partey,13,Arsenal,29," D(R),M(CR)  ",18(6),1537,2,0.5,47.5,87.2,0,2.7,0.1,6.75,0,5,0,1.1,1,1,1.2,0.7,0,0.4,0.9,1.8,1,0.8,0,0.6,1.3,0.2,0
181,Joelinton,23,Newcastle,26," AM(CLR),FW  ",23(8),1990,2,0.5,18.8,73,0,0.3,0,6.75,4,3,0,1.4,2.7,1,1.2,1.2,0.2,1.4,2.6,1.1,0.3,0.8,0,0.7,0.7,0.1,0
182,Christian Pulisic,15,Chelsea,24," M(CLR),FW  ",18(9),1738,2,0.9,24.5,82.9,0.2,0.4,0,6.74,4,2,0,1.6,0.7,2,1.8,1.2,0.1,1.1,2.5,0.7,0.4,0.5,0,0.3,0.5,0.1,0
183,Marc Albrighton,14,Leicester,33," D(R),M(LR)  ",17(14),1744,5,1.2,24.2,73.3,0.7,1.3,0,6.74,1,2,0,0.7,0.3,2,1.2,0.6,0.1,0.9,1.1,1.1,0.5,0.3,0.1,0.6,0.9,0.1,0
184,Çaglar Söyüncü,14,Leicester,26, D(C)  ,19(4),1816,0,0.3,60.1,88,0.2,2.1,0,6.74,1,2,0,0.4,2.7,0,0.2,0.7,0,0.2,0.3,1.2,1.2,0.8,0.6,3.4,0.6,0.4,0
185,Alphonse Aréola,170,Fulham,30, GK  ,36,3240,0,0,23.3,68.7,0,4.4,0,6.74,0,2,0,0,0.4,1,0,0.1,0,0,0,0,0,0,0,1.1,0.1,0,0
186,Christian Fuchs,14,Leicester,37," D(CL),M(L)  ",8(1),702,0,0.1,58.2,82.1,0.1,2.7,0,6.74,0,4,0,0.4,2.2,1,0,0.6,0,0.1,0.2,2,1.8,1.6,0,3.3,0.8,0.4,0
187,Sam Johnstone,175,West Brom,30, GK  ,37,3330,1,0,29.9,43.2,0,8.4,0,6.74,0,1,0,0,0.2,2,0,0.1,0,0,0,0,0.1,0,0,1,0,0,0
188,Alisson,26,Liverpool,30, GK  ,33,2970,0,0,29.9,84.6,0,3.2,0,6.73,1,1,0,0,0.4,0,0.1,0.2,0,0,0,0.1,0.1,0,0,1.3,0,0,0
189,Granit Xhaka,13,Arsenal,30," D(L),M(C)  ",29(2),2522,2,0.5,70.6,90.2,0.1,4.2,0.1,6.73,1,7,1,0.7,1.3,0,0.3,1.2,0,0.4,0.6,1.6,0.8,1.3,0,1.2,0.9,0.2,0
190,Tosin Adarabioyo,170,Fulham,25, D(CR)  ,33,2954,0,0.2,57.7,86.2,0,3.6,0,6.73,0,1,0,0.5,2.5,0,0.3,0.2,0.1,0.2,0.4,1.1,1.3,0.5,0.8,5.8,0.6,0.6,1
191,Angelo Ogbonna,29,West Ham,34, D(C)  ,28,2493,0,0.1,36.4,81.3,0,1.8,0,6.73,3,5,0,0.5,2.3,1,0.1,0.3,0,0.2,0.1,0.9,1.1,1,0.5,4.1,0.3,0.4,0
192,Gabriel Magalhães,13,Arsenal,25, D(C)  ,22(1),1997,0,0.1,67.4,85.7,0,2.2,0,6.73,2,2,1,0.7,2.5,0,0.2,1.1,0,0.3,0.2,1.1,1.1,1,0.5,3.2,0.3,0.8,0
193,Callum Hudson-Odoi,15,Chelsea,22, M(CLR)  ,10(13),1060,3,1.4,25,86.1,0.7,1.2,0,6.73,2,0,0,1,0,0,0.7,0.3,0.2,0.7,0.6,1,0.3,0.5,0,0.2,0.6,0,0
194,Tariq Lamptey,211,Brighton,22," D(R),M(R)  ",11,891,1,0.9,34,78.1,0.9,0.4,0,6.73,1,2,1,0.5,0.5,0,1.2,2.5,0.1,0.5,1.9,1.5,1.7,1.9,0.1,0.8,0.6,0.1,0
195,David McGoldrick,163,Sheff Utd,35," AM(CLR),FW  ",28(7),2402,1,0.5,26,74.7,0.1,0.7,0,6.72,8,7,0,2,2.5,2,1.3,0.9,0.5,1.3,2.5,0.9,0.1,1.3,0,0.7,0.5,0.1,0
196,Mason Greenwood,32,Man Utd,21," AM(R),FW  ",21(10),1826,2,0.5,23,85,0.2,0.8,0.1,6.72,7,2,0,2.2,0.2,1,1.2,0.6,0.1,0.9,1.1,0.4,0.2,0.5,0,0,0.5,0,0
197,Martin Ødegaard,13,Arsenal,24, AM(CR)  ,9(5),866,2,1.4,35.4,90.9,0.7,0.9,0,6.72,1,0,0,1.1,0.2,0,0.9,0.6,0.1,0.8,1,0.6,0.1,0.1,0,0.4,0.7,0,0
198,Sergio Reguilón,30,Tottenham,26," D(L),M(L)  ",26(1),2249,3,0.6,44.4,77.3,0.6,1.4,0,6.72,0,5,0,0.7,1.1,1,0.8,0.7,0,0.6,1.3,1.7,1.2,1,0.3,1.5,0.9,0.3,1
199,Conor Townsend,175,West Brom,30," D(CL),M(L)  ",25,2235,2,0.9,36.7,76.7,0.6,1.8,0,6.72,0,0,0,0.4,1.7,1,0.4,1,0.1,0.3,1.3,1.8,1.4,0.6,0.1,2,0.8,0.6,0
200,Ozan Kabak,26,Liverpool,23, D(C)  ,9,803,0,0.1,64.9,88.7,0,1.7,0,6.72,0,3,0,0.1,2.9,0,0.3,0.3,0,0.3,0.4,2.1,1.3,1.3,0.9,3,0.3,0.2,0
201,Matthew Lowton,184,Burnley,33," D(LR),M(R)  ",34,3060,1,0.8,35.1,68.8,0.4,3.2,0.1,6.71,1,5,0,0.6,1,1,0.8,0.4,0,0.3,1.1,1.6,1.6,0.6,0.3,2.3,1.2,0.4,0
202,Pablo Marí,13,Arsenal,29, D(C)  ,10,900,0,0.1,62.7,87.7,0,1.8,0,6.71,0,2,0,0.2,2.6,0,0.3,0.4,0,0,0.1,1.5,0.9,0.8,0.6,2.9,0.5,0.7,0
203,Robin Olsen,31,Everton,33, GK  ,7,630,0,0,25.1,65.9,0,6.4,0,6.71,0,1,0,0,0.3,0,0,0.1,0,0,0,0,0,0,0,0.7,0,0,0
204,David Button,175,West Brom,34, GK  ,1,90,0,0,36,47.2,0,9,0,6.71,0,0,0,0,1,0,0,0,0,0,0,0,0,0,0,2,0,0,0
205,Fabián Balbuena,29,West Ham,31, D(C)  ,13(1),1198,0,0,34.4,75.1,0,3.1,0,6.71,1,1,1,0.6,1.5,0,0.1,0.2,0,0,0.2,1.7,1.8,0.9,0.4,4.4,0.6,0.4,0
206,Rhys Williams,26,Liverpool,22, D(C)  ,7(2),661,0,0.2,56,87.3,0,2.1,0.1,6.71,0,0,0,0.8,3.3,0,0,0.2,0,0,0,0.7,0.7,0.4,0.4,2.9,0,0.3,0
207,Hakim Ziyech,15,Chelsea,30, M(CLR)  ,15(8),1180,3,1.5,29,79.1,0.5,1.1,0,6.71,2,3,0,1.5,0.2,2,0.8,0.7,0.2,0.7,1.3,0.6,0.4,0.8,0,0,0.6,0,0
208,Jan Bednarek,18,Southampton,27, D(C)  ,36,3104,1,0.1,57.4,82.4,0,2.3,0,6.70,1,5,1,0.3,2.7,1,0.1,0.4,0,0.1,0.3,1,2.3,0.8,0.8,3.7,0.7,0.8,1
209,Japhet Tanganga,30,Tottenham,24, D(CR)  ,6,489,0,0.2,33.2,80.9,0.2,0.5,0.2,6.70,0,2,0,0.3,2,0,1.5,1.2,0,0.8,0.3,0.8,0.5,1.8,0.3,2.2,0.3,0.8,0
210,Tyrick Mitchell,162,Crystal Palace,23, D(L)  ,19,1710,1,0.2,31.5,69.8,0.3,1.5,0,6.70,1,1,0,0.1,0.6,0,0.6,0.6,0,0.6,0.8,3.4,1.1,0.4,0.2,2.4,0.9,0.5,0
211,Ethan Ampadu,163,Sheff Utd,22," D(C),DMC  ",23(2),2091,0,0.4,40.2,82.3,0.2,2.2,0,6.70,0,3,0,0.3,2.1,1,0.5,1,0,0.2,0.6,2.3,2,1,0.2,3.3,1,0.8,1
212,Tammy Abraham,15,Chelsea,25, FW  ,12(10),1036,1,0.4,9.3,72.7,0,0.1,0,6.70,6,0,0,1.5,1.8,2,0.3,0.5,0.2,0.3,1.5,0.3,0.2,1,0,0.8,0.3,0,0
213,Fraser Forster,18,Southampton,35, GK  ,8,720,0,0,30.4,51.9,0,4.5,0,6.70,0,0,0,0,0.4,0,0,0.4,0,0,0,0.1,0,0.1,0,2,0.1,0,0
214,Victor Lindelöf,32,Man Utd,28, D(CR)  ,29,2586,1,0.2,64.3,89.8,0,2.1,0,6.69,1,0,0,0.1,2.2,0,0.1,0.3,0,0.1,0.3,0.8,1.1,0.8,0.6,3.3,0.4,0.5,0
215,Kenny Tete,170,Fulham,27," D(CR),M(R)  ",18(4),1483,1,0.8,31.4,75.5,1,1.5,0,6.69,0,3,0,0.3,1.3,0,0.5,0.8,0.1,0.4,0.9,2.2,1.2,1.3,0.2,2,0.4,0.2,0
216,Chris Basham,163,Sheff Utd,34," D(CR),M(CR)  ",31,2586,1,0.4,34.1,82.8,0.2,1.2,0,6.69,0,5,0,0.3,1.8,1,0.7,0.9,0.2,0.6,1,2.2,1.6,0.8,0.3,3.3,0.8,0.5,0
217,Héctor Bellerín,13,Arsenal,28," D(R),M(R)  ",24(1),2093,2,0.8,44.6,83.8,0.5,0.7,0.1,6.69,1,8,0,0.6,1.2,1,0.5,0.3,0,0.2,1,1.2,1.3,0.8,0.1,1.2,1.2,0.3,0
218,Daniel Podence,161,Wolves,27," AM(CLR),FW  ",22(2),1679,2,0.9,25,77.7,0.3,1.8,0,6.68,3,3,0,1.3,0.3,1,1.6,1.1,0.2,1,1.5,0.5,0.5,0.6,0,0.1,0.7,0,0
219,Kieran Tierney,13,Arsenal,25," D(CL),M(L)  ",26(1),2302,3,1.1,43.7,79.6,0.9,1.6,0,6.68,1,4,0,0.6,0.7,0,0.6,0.7,0,0.5,0.9,1,0.6,0.5,0.2,2.1,0.7,0.4,0
220,Mbaye Diagne,175,West Brom,31, FW  ,14(2),1194,2,0.6,14.7,62.1,0.1,0.5,0,6.68,3,2,0,1.6,3.3,1,0.6,1.4,1.1,1.2,1.6,0.3,0.1,1.1,0,1,0.2,0.1,0
221,Oliver McBurnie,163,Sheff Utd,26," AM(CL),FW  ",12(11),1319,0,0.7,19.1,57.5,0,0.3,0,6.67,1,2,0,1.3,6,2,0.2,1.1,0.2,0.7,1,0.7,0.3,1,0,1.3,0.5,0.1,0
222,João Moutinho,161,Wolves,36, M(C)  ,28(5),2534,1,1.4,52.2,88.4,0.8,2.3,0.1,6.67,1,3,1,0.4,0.5,0,0.4,0.7,0,0.3,0.5,2.3,1.4,1.3,0.1,0.7,1.7,0.1,0
223,Douglas Luiz,24,Aston Villa,25, M(C)  ,32(1),2790,2,0.6,42.9,85.7,0.1,3.3,0,6.67,0,8,1,0.8,1.3,0,0.7,1.5,0,0.5,0.8,1.5,1.3,1.8,0,1.2,1.2,0.5,0
224,Edinson Cavani,32,Man Utd,36," AM(LR),FW  ",13(13),1372,3,0.5,12.9,77.4,0,0.5,0.1,6.67,10,4,0,1.3,0.4,1,0.2,0.5,0.2,0.4,1.2,0.5,0.2,0.8,0,0.4,0.4,0,0
225,Rodrigo,19,Leeds,32," M(CLR),FW  ",14(12),1291,2,1.2,21.5,76.9,0.1,1,0.2,6.67,7,3,0,1.8,0.9,0,0.6,0.3,0.1,0.8,1.5,0.5,0.2,0.7,0,0.6,0.7,0,0
226,Craig Dawson,29,West Ham,33, D(CR)  ,22,1926,0,0.1,34.7,79.7,0,2.7,0,6.67,3,3,1,0.7,2.6,0,0,0.5,0.1,0,0.2,0.5,1.5,0.6,0.2,4,0.3,1,2
227,Charlie Taylor,184,Burnley,29," D(CL),M(L)  ",28(1),2429,1,0.4,34.1,70.3,0.7,2.1,0,6.67,0,1,0,0.1,1.3,0,0.9,1.2,0,0.3,0.7,1.7,1,0.3,0.2,2.5,0.7,0.7,0
228,Davinson Sánchez,30,Tottenham,26, D(C)  ,17(1),1487,0,0.1,57,84.5,0,2.1,0,6.67,0,1,0,0.3,2.7,0,0.1,0.4,0,0.2,0.4,2.2,0.8,1.2,0.9,4.7,0.6,0.7,1
229,Isaac Hayden,23,Newcastle,28," D(C),DMC  ",22(2),1946,0,0.3,32.8,80.7,0.1,1.2,0,6.67,0,8,0,0.7,2.4,0,0.3,0.7,0,0.6,0.8,2.2,1.8,1.6,0.1,1.9,0.9,0.4,0
230,Gylfi Sigurdsson,31,Everton,33," M(CLR),FW  ",24(12),2256,5,1.2,23.7,85,0.8,0.7,0,6.67,6,2,0,1.4,0.1,1,0.4,0.5,0,0.8,1.3,0.8,0.9,0.6,0,0.5,0.9,0.1,0
231,Danny Welbeck,211,Brighton,32," AM(CLR),FW  ",17(7),1547,1,0.9,10.8,81,0,0.1,0,6.66,6,0,0,1.5,0.9,1,0.8,0.7,0.2,0.5,2.1,0.5,0.3,0.8,0,0.5,0.5,0,0
232,Paul Dummett,23,Newcastle,31, D(CL)  ,14(1),1256,0,0.3,34.5,74.1,0.3,2.1,0,6.66,1,2,0,0.2,2.6,0,0.2,0.3,0,0,0.6,1.1,1.1,0.6,0.3,4.7,0.5,0.5,0
233,Jacob Murphy,23,Newcastle,28," D(R),M(LR)  ",17(9),1621,3,0.7,17.6,70.5,0.6,0.8,0,6.66,2,3,0,1.2,0.2,1,1.5,0.9,0.1,1,1.3,1.5,0.5,0.9,0.1,0.9,1,0.1,0
234,Mohammed Salisu,18,Southampton,24, D(CL)  ,8(4),843,0,0.2,30,80,0,0.9,0,6.66,0,1,0,0.3,1.8,0,0.8,0.3,0,0.6,1,3.2,1.4,0.8,0.5,2.4,0.8,0.4,0
235,Eric Dier,30,Tottenham,29," D(CR),DMC  ",28,2520,0,0.2,63.9,83.2,0,4,0,6.66,0,3,0,0.5,3.1,0,0.1,0.4,0,0,0.4,0.8,0.8,0.6,0.4,4.4,0.3,1.1,0
236,Gabriel Martinelli,13,Arsenal,21," AM(L),FW  ",7(7),588,1,0.6,10.3,79.9,0.4,0.2,0,6.66,2,0,0,1.4,0.5,1,0.9,0.3,0.1,0.5,1.6,0.5,0.6,0.6,0,0.2,0.4,0,0
237,Harrison Reed,170,Fulham,28," D(R),M(CR)  ",26(5),2251,2,0.7,47.6,86.2,0.2,1.5,0,6.66,0,5,0,0.4,0.6,0,0.5,0.8,0,0.3,0.6,2,1.6,1.3,0,0.8,1.4,0.4,0
238,Miguel Almirón,23,Newcastle,29," AM(CLR),FW  ",28(6),2438,1,0.9,25,82,0.2,1,0.1,6.66,4,3,0,1,0.2,1,1.1,1.1,0.2,1,1.4,1.4,0.7,0.5,0,0.5,1.2,0.1,0
239,Luke Thomas,14,Leicester,21," D(L),M(L)  ",12(2),972,0,0.5,28.9,71.6,0.2,0.7,0,6.65,1,2,0,0.5,1.4,0,0.4,1.1,0,0.9,1.1,1.6,1.1,0.7,0.1,1.4,0.5,0.1,0
240,Willian,13,Arsenal,34, AM(CLR)  ,16(9),1407,5,1.3,27.1,87.5,1.1,1.4,0,6.65,1,0,0,0.8,0.4,3,0.5,0.8,0.2,0.6,0.9,0.5,0.3,0.2,0,0.2,0.4,0,0
241,Séamus Coleman,31,Everton,34," D(CR),M(R)  ",18(7),1612,3,0.8,25.8,82.9,0.4,1.3,0,6.65,0,0,0,0.5,0.4,1,0.8,0.7,0,0.9,1.1,1.6,0.5,0.5,0.1,1.3,0.4,0.2,0
242,Leander Dendoncker,161,Wolves,28," D(C),M(C)  ",28(5),2501,0,0.5,36.5,85.5,0.1,1.3,0,6.65,1,4,0,0.9,2.6,0,0.2,0.4,0.1,0.3,0.9,1.6,0.8,0.9,0.2,1.5,0.9,0.5,1
243,Jeffrey Schlupp,162,Crystal Palace,30," D(L),M(CLR)  ",15(12),1426,3,0.7,14.8,73.9,0.2,0.4,0,6.65,2,3,0,0.7,1.1,2,1.1,0.6,0,1.5,1.2,1.1,0.8,0.9,0,0.4,0.6,0.3,0
244,Dean Henderson,32,Man Utd,26, GK  ,12(1),1125,0,0,19.8,67.4,0,2.2,0,6.65,0,3,0,0,0.5,0,0,0,0,0,0,0.1,0,0,0,0.5,0.1,0,0
245,Jordan Pickford,31,Everton,29, GK  ,31,2743,0,0,32.2,61.8,0,8.5,0,6.65,0,1,0,0,0.3,1,0,0.1,0,0,0,0,0.1,0,0,1.3,0.1,0,0
246,Ahmed El Mohamady,24,Aston Villa,35," D(R),M(R)  ",8(6),832,0,0.9,33.6,78.1,0.7,2.1,0,6.64,0,2,0,0.6,1.3,0,0.1,0.2,0,0.2,0.4,1.2,1.2,0.4,0.1,1.6,0.4,0.2,0
247,Issa Diop,29,West Ham,26, D(C)  ,15(3),1379,0,0.1,32.4,82.2,0,1,0,6.64,2,3,0,0.2,1.3,0,0.2,0.4,0.1,0.1,0.3,1.1,1.2,0.4,0.6,3.2,0.6,1.2,1
248,Sergio Agüero,167,Man City,34," AM(CL),FW  ",7(5),559,1,0.6,14.3,80.7,0.1,0.2,0,6.64,4,0,0,1.6,0.2,0,0.7,0.6,0.1,0.9,1.3,0.3,0.2,0.2,0,0,0.8,0,0
249,Ciaran Clark,23,Newcastle,33, D(CL)  ,21(1),1893,0,0.1,35.9,81.5,0,1.8,0,6.64,1,3,0,0.4,3.1,0,0.2,0.5,0,0,0.5,1.1,1.3,0.7,0.5,4.5,0.3,0.9,1
250,Federico Fernández,23,Newcastle,34, D(C)  ,24,2083,0,0.3,34.8,80.7,0.1,2.3,0,6.64,0,4,0,0.2,2,1,0,0.6,0,0.1,0.3,1.2,0.7,0.6,0.7,6,0.2,1.3,1
251,Matt Ritchie,23,Newcastle,33," D(L),M(CLR)  ",15(3),1352,2,1.4,24.3,76,1.8,1.4,0,6.64,0,2,0,0.6,0.7,0,0.4,1.1,0.1,0.3,0.7,0.6,0.7,0.7,0.1,2.3,0.8,0.1,1
252,Mason Holgate,31,Everton,26," D(CR),DMC,M(R)  ",26(2),2290,0,0.3,39.4,79.1,0.2,3.1,0,6.63,1,9,0,0.2,1.4,2,0.3,1,0,0.2,0.5,2,1.3,1,0.3,2.9,1.1,0.5,0
253,Conor Gallagher,175,West Brom,23, AM(C)  ,28(2),2532,2,0.7,29.7,81.5,0.4,1.6,0,6.63,2,11,0,1,0.8,0,1,2.1,0,1.2,2.1,2.7,0.9,1.4,0,0.9,2.3,0.3,0
254,Ashley Westwood,184,Burnley,33, DMC  ,38,3411,3,1.4,53.8,78.7,1.2,4.2,0,6.63,3,7,0,0.5,0.4,0,0.3,1.1,0,0.3,0.8,0.6,1.2,0.9,0,0.8,0.8,0.2,0
255,Lucas Moura,30,Tottenham,30," AM(CLR),FW  ",14(16),1403,4,0.5,19,75.2,0.2,0.2,0,6.63,3,1,0,0.6,0.8,3,1.1,1.6,0.1,1.2,1.6,1.1,0.6,0.8,0,0.3,0.7,0,0
256,Emerson,15,Chelsea,28," D(L),M(L)  ",0(2),89,0,0,28,73.2,0.5,1.5,0,6.63,0,0,0,0,1.5,0,0,0,0,0,1,1.5,0.5,1.5,0,3,1,0,0
257,Benjamin Mendy,167,Man City,28," D(L),DMC,M(L)  ",11(2),955,1,0.4,42.5,83.9,0.3,1.1,0,6.63,2,2,0,0.5,0.6,0,0.8,0,0.1,0.4,1.2,1,0.4,1.1,0.2,0.7,1.2,0.4,0
258,Ola Aina,170,Fulham,26," D(CLR),M(LR)  ",31,2671,1,0.5,47.2,78.9,0.3,2.1,0,6.63,2,3,0,0.5,1,1,0.7,0.8,0.1,0.3,0.9,1.2,1.5,1,0.4,2.6,0.7,0.2,0
259,Lukasz Fabianski,29,West Ham,38, GK  ,35,3150,0,0,24.5,54.9,0,7.5,0,6.62,0,2,0,0,0.1,1,0,0.1,0,0,0,0,0,0,0,0.6,0,0,0
260,Darnell Furlong,175,West Brom,27," D(CR),M(R)  ",32(3),2932,3,0.5,23.3,59.4,0.5,1.2,0,6.62,1,5,0,0.7,3.4,0,0.3,0.9,0.1,0.3,1.1,1.3,1.4,1,0.2,2.2,0.7,0.5,1
261,Georginio Wijnaldum,26,Liverpool,32, M(CLR)  ,34(4),2947,0,0.6,46.2,92.7,0,1.2,0,6.62,2,1,0,0.8,1,0,0.9,0.6,0,0.7,1,0.6,0.7,0.4,0,0.4,0.6,0.1,0
262,Giovani Lo Celso,30,Tottenham,27," M(CR),FW  ",11(7),950,1,0.8,31.7,81.4,0.2,1.1,0.1,6.62,1,5,0,0.8,0.8,0,0.4,1.1,0,0.8,1.2,1.6,0.4,1.1,0.1,0.3,1.1,0.1,0
263,Ezgjan Alioski,19,Leeds,31," D(L),M(CLR)  ",29(7),2466,3,0.8,38.3,79.5,0.4,0.8,0,6.62,2,7,0,0.7,1.1,0,0.3,1.2,0.2,0.4,1,2.1,0.6,1.1,0.1,1.1,1.2,0.1,0
264,Dan James,32,Man Utd,25," AM(CLR),FW  ",11(4),914,1,0.7,19.2,81.3,0.1,0.1,0,6.61,3,3,0,1.1,0.3,0,0.7,0.9,0.3,0.6,1.4,1,0,0.9,0,0.3,1,0.1,0
265,Ederson,167,Man City,29, GK  ,36,3240,1,0,26.6,81.2,0,4.4,0,6.61,0,3,0,0,0.2,0,0,0.1,0,0,0.1,0.1,0,0,0,0.5,0,0,0
266,Ricardo Pereira,14,Leicester,29," D(LR),M(R)  ",10(5),959,1,0.7,30.9,77.1,0.3,0.7,0.1,6.61,0,3,0,0.5,0.7,1,0.9,0.5,0,1.1,1.4,2.1,1,1.2,0.1,1.3,1.5,0.1,0
267,Jack Robinson,163,Sheff Utd,29," D(CL),M(L)  ",9(2),875,1,0.1,38.5,82,0,1.4,0,6.61,0,3,0,0.5,2.9,0,0.3,0.5,0,0.2,0.5,1.3,0.8,0.9,0.4,3.7,0.5,0.4,0
268,Fábio Carvalho,170,Fulham,20, AM(CL)  ,3(1),255,0,0.5,21.3,78.8,0,0,0,6.61,1,0,0,2.3,0.3,0,2,0.5,0,2.3,2.8,2.3,0.3,1,0,0,1,0,0
269,Kai Havertz,15,Chelsea,23," M(CR),FW  ",18(9),1522,3,0.7,28.4,84.9,0,0.4,0,6.60,4,2,0,1.2,1.1,1,0.7,0.6,0.3,1,2,0.7,0.1,1,0.1,0.7,0.8,0,0
270,Ben White,211,Brighton,25," D(CR),DMC  ",36,3195,0,0.2,48.5,83.2,0,2.3,0,6.60,0,3,1,0.3,1.4,0,0.7,0.3,0,0.3,0.6,1.4,1.7,0.8,0.3,1.4,0.9,0.6,0
271,Ayoze Pérez,14,Leicester,29," AM(CLR),FW  ",15(10),1333,1,0.9,18.8,76.8,0.3,0.2,0,6.60,2,2,0,1.2,0.5,0,1.2,0.9,0.3,1,1.5,1.3,0.4,1.2,0,0.3,1.4,0,0
272,Jamaal Lascelles,23,Newcastle,29, D(C)  ,19,1628,0,0.2,32.7,80.2,0,2.2,0,6.60,2,4,0,0.8,2.5,0,0.2,0.5,0,0.1,0.3,0.7,0.6,0.9,0.4,4.4,0.2,0.9,0
273,Mario Lemina,170,Fulham,29, DMC  ,19(9),1705,0,0.4,31.7,83.5,0,1.7,0,6.60,1,5,0,0.7,0.8,1,0.9,0.5,0,0.8,0.9,2.2,1.1,1.1,0.1,0.7,0.8,0.2,0
274,Robert Sánchez,211,Brighton,25, GK  ,27,2430,0,0,36.4,70.9,0,6.9,0,6.59,0,2,0,0,0.5,1,0,0.2,0,0,0.1,0,0,0.1,0,0.5,0,0,0
275,Saïd Benrahma,29,West Ham,27, AM(CLR)  ,14(16),1392,6,0.9,16.1,82,0.3,0.3,0,6.59,1,0,0,1.2,0.1,0,1.4,0.5,0.1,1.1,1.6,0.8,0.3,0.5,0,0.1,0.7,0,0
276,Naby Keïta,26,Liverpool,28, M(C)  ,7(3),524,0,0.6,35.6,87.9,0.1,0.7,0.1,6.59,0,1,0,0.9,0.4,0,0.8,0.2,0,0.8,1.4,1.1,0.9,1.3,0,0.5,1,0,0
277,Robin Koch,19,Leeds,26," D(C),DMC  ",13(4),1131,0,0.2,45.2,86.2,0,2.5,0,6.59,0,1,0,0.5,2.2,0,0.2,0.5,0,0,0.3,1.6,1.6,1,0.1,1.8,0.5,0.7,0
278,Maximilian Kilman,161,Wolves,25, D(C)  ,14(4),1307,1,0.3,41.4,87.9,0,0.9,0,6.59,0,4,0,0.4,1.1,1,0.4,0.2,0,0.1,0.2,1.2,1.1,1.1,0.2,2.2,0.3,0.4,0
279,John Egan,163,Sheff Utd,30, D(C)  ,30(1),2630,1,0.1,36.2,81.7,0,3,0,6.58,0,7,1,0.5,2.6,1,0,0.3,0,0,0.2,1.3,1.3,0.9,0.3,4.2,0.5,1,0
280,Curtis Jones,26,Liverpool,22, AM(CL)  ,13(11),1178,2,0.5,40.3,92.2,0,0.9,0,6.58,1,2,0,0.8,0.6,0,0.9,0.5,0,1.3,0.9,0.7,0.8,0.8,0,0.4,0.5,0,0
281,Nemanja Matic,32,Man Utd,34, DMC  ,12(8),1102,0,0.4,50.8,90.3,0.1,2.7,0,6.58,0,2,0,0.3,1,0,0.9,0.3,0,0.4,0.7,1.3,1.1,0.7,0.1,0.5,0.9,0.3,0
282,Scott Dann,162,Crystal Palace,36, D(C)  ,15,1350,0,0.1,42.7,80.9,0,2.4,0,6.58,1,1,0,0.3,3.4,0,0.3,0.3,0,0,0.3,0.4,1.2,0.4,0.1,3.8,0.5,0.9,0
283,Nathan Aké,167,Man City,28," D(CL),DMC  ",9(1),797,0,0.1,75.1,93.1,0,1.4,0,6.57,1,4,0,0.3,2.4,0,0,0.4,0,0.1,0.2,1,0.9,0.8,0.5,2.2,0.1,0.1,0
284,Joe Rodon,30,Tottenham,25, D(C)  ,8(4),732,0,0,35.8,88.1,0,1.3,0,6.57,0,0,0,0.1,1.8,0,0,0.7,0.1,0,0.2,1.2,1.8,0.2,0.4,2.9,0.1,0.7,0
285,Neal Maupay,211,Brighton,26," AM(C),FW  ",29(4),2519,2,1,19.7,78.5,0.2,0.4,0.1,6.57,8,1,1,2.2,0.6,1,0.7,1.3,0.4,1.5,2.2,0.6,0.4,0.8,0,0.2,0.6,0,0
286,Gary Cahill,162,Crystal Palace,37, D(C)  ,20,1800,1,0.4,37.3,82.4,0,2.4,0,6.57,1,3,0,0.6,3.5,0,0.1,0.2,0.2,0.1,0.4,0.7,0.7,0.6,0.3,4.3,0.2,1.1,0
287,Cheikhou Kouyaté,162,Crystal Palace,33," D(CR),DMC  ",35(1),3123,0,0.2,35.5,77.2,0,2.5,0,6.57,1,4,0,0.2,2.3,1,0.3,0.4,0,0.2,0.5,1.6,0.9,1,0.4,3.4,0.5,0.7,0
288,Theo Walcott,18,Southampton,34," M(CLR),FW  ",20(1),1629,3,0.8,19,74.4,0.2,0.3,0,6.56,3,0,0,1.4,0.5,1,0.8,1.4,0.4,1.3,2.7,1.1,0.7,0.6,0,0.1,1,0,0
289,Bernardo,211,Brighton,27," D(LR),M(L)  ",2(1),204,0,0.7,24.7,74.3,0.3,0.7,0,6.56,0,0,0,1.3,2.3,0,0,0.3,0,1.3,0.3,3.3,0.3,0.3,0,0.3,0.7,0,0
290,Ben Davies,30,Tottenham,30," D(CL),M(L)  ",14(6),1340,1,0.4,32.3,79.2,0.3,1.1,0,6.56,0,1,0,0.2,1.3,0,0.2,0.7,0.1,0.1,0.3,1.4,0.9,1,0.4,2.3,0.9,0.3,0
291,Édouard Mendy,15,Chelsea,31, GK  ,31,2746,0,0,29,83.3,0,3.5,0,6.56,0,2,0,0,0.1,0,0,0.1,0,0,0,0,0,0,0,0.4,0,0,0
292,Rayan Aït-Nouri,161,Wolves,21," D(L),M(L)  ",16(5),1406,1,0.7,29.9,86.1,0.6,0.8,0,6.56,1,1,0,0.7,0.2,0,1.2,0.9,0,0.9,1.4,1.4,0.7,0.7,0,0.9,0.7,0,0
293,Bernd Leno,13,Arsenal,31, GK  ,35,3132,0,0,28.5,76.8,0,3.2,0,6.56,0,0,1,0,0.3,0,0,0.1,0,0,0,0,0,0.1,0,0.7,0,0,1
294,Luka Milivojevic,162,Crystal Palace,32, DMC  ,27(4),2365,1,0.7,41.7,83,0.5,2.4,0,6.55,1,8,1,0.6,1.1,1,0.3,1.1,0,0.6,0.4,2.1,1.1,1.2,0,1.5,1.1,0.2,0
295,Aaron Ramsdale,163,Sheff Utd,24, GK  ,38,3420,0,0.1,26.8,43.4,0,7.4,0,6.55,0,1,0,0,0.2,2,0.1,0.1,0,0,0.1,0,0.1,0,0,0.9,0,0,0
296,Nathan Redmond,18,Southampton,29," AM(CLR),FW  ",17(12),1731,3,1,24,76.8,0.1,0.7,0,6.55,2,1,0,1.6,0.3,0,1.3,0.5,0.1,1.3,1.4,1,0.4,1.1,0,0.3,0.6,0.1,0
297,Joel Ward,162,Crystal Palace,33," D(CLR),DMC,M(R)  ",25(1),2255,1,0.3,31.5,71.9,0.1,1.3,0,6.55,0,5,0,0.1,1.8,0,0.5,0.5,0,0.3,0.9,1.7,1.6,1.2,0.5,3.1,0.7,0.3,0
298,Rúnar Rúnarsson,13,Arsenal,28, GK  ,0(1),16,0,0,9,55.6,0,0,0,6.55,0,0,0,0,0,0,0,0,0,0,0,0,0,0,0,0,0,0,0
299,Kasper Schmeichel,14,Leicester,36, GK  ,38,3420,0,0,28.1,70.4,0,6.4,0,6.55,0,0,0,0,0.3,2,0,0.1,0,0,0,0,0,0,0,0.4,0,0,1
300,Kean Bryan,163,Sheff Utd,26, D(C)  ,12(1),1007,0,0.3,34.4,70.9,0.2,2.2,0,6.55,1,1,0,0.2,2.4,0,0.2,0.2,0,0.1,0.8,1.5,1,1,0.5,2.7,0.8,0.8,1
301,Ivan Cavaleiro,170,Fulham,29," AM(CLR),FW  ",27(9),2476,0,1.2,20.1,76.2,0.8,0.7,0,6.54,3,2,0,1.3,1.3,0,1.5,0.8,0.3,1.4,2.8,0.6,0.5,0.8,0.1,0.4,0.6,0,0
302,Alex Iwobi,31,Everton,27, M(CLR)  ,17(13),1543,2,0.5,19.8,83,0.3,0.8,0,6.54,1,0,0,0.5,0.1,0,1.5,0.4,0,0.9,1.4,0.9,0.5,0.4,0,0.4,0.4,0,0
303,Juan Mata,32,Man Utd,35, AM(CLR)  ,6(3),510,2,0.9,31.8,85.7,0.4,0.7,0.1,6.54,1,0,0,0.6,0.1,0,0.2,0.4,0.2,0.7,0.8,0.1,0.3,0.1,0,0.3,0.8,0,0
304,Jayden Bogle,163,Sheff Utd,22," D(R),M(R)  ",12(4),1109,0,0.3,19.5,76,0.1,0.3,0,6.53,2,2,0,1.1,1.1,0,0.7,0.6,0.1,1.1,1.3,2.1,0.9,0.9,0.1,1.1,1.2,0.3,0
305,Conor Coady,161,Wolves,30," D(CR),DMC  ",37,3304,0,0.1,50.2,88,0,6.7,0,6.53,1,5,0,0.2,1.1,1,0.2,0.3,0,0.1,0.2,0.9,0.7,0.6,0.6,3.5,0.4,0.9,0
306,Jack Stephens,18,Southampton,29, D(CR)  ,17(1),1539,0,0.3,57.1,81.2,0,3.3,0,6.52,0,2,0,0.3,1.1,1,0.1,0.5,0,0.3,0.7,1.9,1.6,0.4,0.8,3.2,1.2,0.8,0
307,Bobby De Cordova-Reid,170,Fulham,30," D(R),M(CLR),FW  ",28(5),2383,2,0.4,23,77.5,0.2,0.8,0,6.52,5,7,0,1,0.5,0,0.8,0.6,0.1,0.7,1.5,0.9,0.6,1.2,0.1,1,0.6,0.2,0
308,Marvelous Nakamba,24,Aston Villa,29, DMC  ,9(4),751,0,0.2,21.9,84.2,0,0.6,0,6.52,0,3,0,0.2,0.5,0,0.3,0.8,0,0.2,0.6,1.7,1.3,0.6,0,0.6,0.4,0.4,0
309,Darren Randolph,29,West Ham,35, GK  ,3,270,0,0,20.3,50.8,0,5,0,6.52,0,0,0,0,0.3,0,0,0.3,0,0,0,0,0,0,0,1.3,0,0,0
310,Olivier Giroud,15,Chelsea,36, FW  ,8(9),747,0,0.4,12.9,70.3,0.1,0.1,0,6.52,4,1,0,1.7,1.4,1,0.1,0.4,0.4,0.4,1,0.2,0.3,0.9,0,0.6,0.4,0.1,0
311,Jordan Ayew,162,Crystal Palace,31," AM(CLR),FW  ",23(10),2098,3,0.4,19.2,81,0.1,0.3,0,6.52,1,4,0,0.8,0.9,0,1.6,1.9,0.2,1.8,2.5,1.1,0.5,1.4,0,0.3,0.8,0.1,0
312,Mateusz Klich,19,Leeds,32, M(C)  ,28(7),2399,5,1.3,41.9,82.3,0.3,1.5,0,6.51,4,6,0,1,0.4,0,0.4,0.6,0.2,0.6,1.1,1.1,0.3,1.3,0,0.4,1.3,0.1,0
313,John Fleck,163,Sheff Utd,31, DMC  ,29(2),2577,2,1.1,36.7,82.9,0.7,1.3,0,6.51,0,4,0,0.5,0.4,0,1,0.9,0,0.8,1,1.6,0.9,1.1,0,0.3,1.8,0.1,0
314,Robert Brady,184,Burnley,31," D(L),M(CLR)  ",12(7),1055,1,0.4,18.5,69.2,0.4,1.3,0,6.51,1,3,0,0.8,1,1,0.6,0.5,0.1,0.5,0.9,1.2,0.5,1.1,0,1.3,1.2,0,0
315,Jack Cork,184,Burnley,33, DMC  ,15(1),1353,0,0.5,31.3,83.8,0.1,1.1,0,6.51,0,2,0,0.3,2.1,0,0.3,0.8,0,0.8,0.9,1.6,1,1.3,0.1,1.2,1.3,0.3,0
316,Robert Snodgrass,175,West Brom,35, M(CLR)  ,6(2),527,0,0.4,16.5,78.8,0.4,0.5,0,6.51,0,2,0,0.5,1.1,0,0.5,1.6,0.1,0.5,1,2.1,0.1,1,0.1,1.5,0.8,0.3,0
317,Dara O'Shea,175,West Brom,24, D(CR)  ,25(3),2102,0,0.2,28.9,63.6,0,3.2,0,6.51,0,3,0,0.1,2.6,0,0.2,0.6,0,0.1,0.4,1.6,1.6,0.5,0.4,3.5,0.9,0.6,0
318,David Luiz,13,Arsenal,36," D(C),DMC  ",17(3),1400,0,0.1,50,83.5,0,3.6,0.1,6.51,1,1,1,0.8,1.8,0,0.2,0.3,0.1,0.1,0.2,0.6,0.8,0.8,0.2,2.5,0,0.5,0
319,Ruben Loftus-Cheek,170,Fulham,27, M(CLR)  ,21(9),1913,0,0.6,23.6,80.7,0.1,0.3,0,6.50,1,3,0,1.2,1.5,0,1.3,1.7,0.1,1.4,2.4,0.8,0.2,0.9,0,0.5,0.5,0.1,0
320,Aleksandar Mitrovic,170,Fulham,28, FW  ,13(14),1390,3,0.9,14,73.5,0.1,0.3,0.1,6.50,3,3,0,2.2,2.6,1,0.3,0.9,0.1,0.6,2.2,0.3,0.1,0.8,0,0.3,0.2,0.1,0
321,Rui Patrício,161,Wolves,35, GK  ,37,3330,0,0,17.9,62.5,0,4.7,0,6.50,0,1,0,0,0.2,0,0,0,0,0,0,0,0,0,0,0.2,0,0,0
322,Alex McCarthy,18,Southampton,33, GK  ,30,2700,0,0,31.3,61,0,4.8,0,6.49,0,2,0,0,0.1,1,0.1,0.1,0,0,0,0,0,0,0,0.7,0.1,0,0
323,Steven Bergwijn,30,Tottenham,25," AM(CLR),FW  ",13(8),1214,3,0.6,19.8,83.7,0,0.1,0,6.49,1,3,0,0.7,0.1,0,1,0.8,0,0.7,1.4,0.7,0.2,1,0,0.3,0.6,0,0
324,Neco Williams,26,Liverpool,22," D(LR),M(LR)  ",3(3),249,0,0.5,26.2,79.6,0.2,0.5,0,6.49,0,1,0,0.3,0.5,0,0.8,1,0,0.5,0.2,1,1,0.5,0.2,0.7,0.7,0.2,0
325,Dele Alli,30,Tottenham,27," M(CL),FW  ",7(8),619,1,0.6,22,81.8,0.1,0.3,0.1,6.49,0,0,0,0.8,0.5,0,0.7,0.8,0.1,1.1,0.9,1.2,0.5,0.7,0,0.2,0.8,0,0
326,Jóhann Gudmundsson,184,Burnley,32, M(CLR)  ,16(6),1369,0,0.4,19.9,79.6,0.2,1,0,6.49,2,2,0,0.9,0.9,0,0.5,0.7,0,0.5,0.8,0.9,0.8,0.5,0,0.8,0.5,0.1,0
327,Oliver Norwood,163,Sheff Utd,32, M(C)  ,26(6),2226,0,1,43.9,83.4,1,3.5,0,6.48,0,6,0,0.3,0.5,0,0.1,0.3,0,0.2,0.5,1.5,1.1,0.8,0,1.5,1.6,0.4,0
328,Cédric Soares,13,Arsenal,31," D(LR),M(R)  ",8(2),745,1,0.6,36.4,76.4,0.8,0.9,0,6.48,0,1,0,0.7,0.7,0,0.5,0.5,0,0.9,1,1.2,0.8,0.6,0.1,1.4,1.5,0.1,0
329,Ainsley Maitland-Niles,175,West Brom,25," D(LR),M(CLR)  ",14(1),1233,0,0.3,26.5,77.6,0.1,1.1,0,6.48,0,2,0,0.7,0.3,0,1.1,0.9,0,1.6,2.1,1.5,1.1,0.7,0.1,1.4,1.3,0.1,0
330,Joe Gomez,26,Liverpool,25, D(CLR)  ,6(1),590,0,0.1,79.4,89.7,0,5.6,0,6.48,0,0,0,0,3,0,0.6,0.9,0,0.4,0.3,0.4,0.6,0.9,0.3,4,0.6,0.3,0
331,James Milner,26,Liverpool,37," D(LR),M(CLR)  ",11(15),1062,1,0.5,33,85.6,0.4,1.1,0,6.48,0,3,0,0.5,0.9,0,0.2,0.4,0,0.5,0.5,1,0.5,0.7,0,0.5,0.8,0.1,0
332,Emil Krafth,23,Newcastle,28, D(CR)  ,14(2),1290,0,0.4,28.4,74.9,0.2,1.2,0,6.47,1,4,0,0.4,1.6,0,0.2,0.6,0.1,0.3,0.6,1.2,0.9,0.8,0.4,2.9,0.8,0.6,0
333,David de Gea,32,Man Utd,32, GK  ,26,2296,0,0,19.3,75.4,0,3.2,0,6.47,0,0,0,0,0.2,0,0,0.1,0,0,0,0,0,0,0,0.5,0,0,0
334,Cengiz Ünder,14,Leicester,25, M(CLR)  ,1(8),275,2,0.7,12.3,77.5,0.3,0.2,0,6.47,0,0,0,1,0,0,1.7,0.3,0.2,1,0.9,0.4,0.2,0.1,0,0,0.2,0,0
335,Patrick van Aanholt,162,Crystal Palace,32," D(L),M(L)  ",20(2),1776,1,0.5,43.3,80.1,0.4,1.4,0,6.47,0,2,0,0.8,0.5,0,0.5,0.1,0.1,0.3,1.1,1.6,1.4,0.5,0,1.5,1.1,0.3,0
336,Max Lowe,163,Sheff Utd,26," D(LR),M(L)  ",7(1),552,0,0.3,21.5,72.7,0.1,0.6,0,6.47,0,1,0,0.3,0.6,0,0.9,0.4,0,0.5,1,3.3,0.6,1.3,0.1,0.8,1.5,0.5,0
337,Ashley Barnes,184,Burnley,33," AM(CL),FW  ",15(7),1337,0,0.9,13.8,61.8,0,0.3,0,6.47,3,4,0,1.7,2.8,1,0,2.2,0.8,1,2,0.5,0.2,2.1,0,0.5,0.5,0.1,0
338,Jonny,161,Wolves,29," D(CLR),M(LR)  ",7,501,0,0.3,26.1,76.5,0,0.3,0,6.46,0,0,0,0.1,0.7,0,0.4,1.6,0,1,1.1,1.6,1.3,1,0.3,1,1,0.3,0
339,Tom Davies,31,Everton,24, M(C)  ,17(8),1426,1,0.2,27.9,81.2,0.1,1.4,0,6.46,0,3,0,0.3,0.4,0,0.7,1,0,0.4,0.8,1.2,1.4,1,0,0.8,0.9,0.4,0
340,André Gomes,31,Everton,29, M(CLR)  ,17(11),1568,1,0.5,31.3,85.3,0.1,2,0,6.46,0,3,0,0.5,0.7,0,1.1,0.5,0.1,1.1,1.1,1.3,0.4,1.3,0,0.4,1.5,0,0
341,Vicente Guaita,162,Crystal Palace,36, GK  ,37,3330,0,0,24.9,49.6,0,6.8,0,6.46,0,2,0,0,0.3,1,0,0.2,0,0,0,0,0,0,0,0.9,0,0,0
342,Rúben Vinagre,161,Wolves,24," D(L),M(L)  ",1(1),172,0,0.5,40,86.3,1,1,0,6.46,0,0,0,0,0.5,0,1,0,0,3,0.5,3.5,1,1,0,2,0.5,0,0
343,Adam Lallana,211,Brighton,35, M(CLR)  ,16(14),1592,1,0.8,30.8,85,0.1,0.6,0,6.45,1,0,0,0.7,0.3,0,0.6,0.7,0.1,0.5,0.8,0.9,0.5,0.6,0,0.4,1,0.1,0
344,Virgil van Dijk,26,Liverpool,31, D(C)  ,5,371,0,0,68.2,90,0,5.6,0,6.45,1,1,0,0.8,2.4,0,0,0.4,0.2,0,0.2,0.6,1,0.8,1.2,1.6,0,0.2,0
345,Moussa Sissoko,30,Tottenham,33, M(CR)  ,15(10),1577,0,0.2,30.4,84.4,0,1.2,0,6.44,0,3,0,0.1,0.6,0,0.7,0.4,0,0.6,0.7,0.9,0.9,0.9,0,0.9,0.5,0.2,0
346,Willian José,161,Wolves,31, FW  ,12(5),1114,0,0.7,17.5,81.2,0.1,1,0,6.44,1,0,0,1.1,1.5,0,0.5,0.6,0.1,0.8,1.7,0.1,0.1,0.5,0,0.7,0.2,0.1,0
347,Ainsley Maitland-Niles,13,Arsenal,25," D(LR),M(CLR)  ",5(6),486,0,0.2,22.8,78.1,0.2,0.9,0,6.44,0,0,0,0.2,0.3,0,0.5,0.3,0.2,0.6,0.9,1,1.3,0.5,0.1,0.5,0.4,0.2,0
348,Marçal,161,Wolves,34," D(CL),M(L)  ",7(6),622,0,0.3,23.2,82.7,0.1,1.5,0,6.44,0,2,0,0.2,0.8,0,0.5,0.2,0,0.2,0.5,1,0.9,0.9,0.1,1.5,0.4,0.2,0
349,Alexis Mac Allister,211,Brighton,24," M(CL),FW  ",13(8),1117,1,0.7,18.9,80.8,0,0.8,0,6.44,1,1,0,1.1,0.4,0,0.8,0.7,0,0.8,1.3,1.2,0.4,0.9,0,0.1,1.3,0.2,0
350,Erik Pieters,184,Burnley,34," D(CL),M(L)  ",13(7),1262,1,0.3,23.6,74.4,0,1.4,0,6.44,0,1,0,0.2,0.7,0,0.3,1.1,0.1,0.5,0.6,1.5,0.6,1.3,0.3,1.4,1,0.5,1
351,Ryan Fredericks,29,West Ham,30," D(R),M(R)  ",6(8),567,1,0.9,16.1,77,0.4,0.1,0,6.44,1,2,0,0.3,0.6,0,0.2,0.7,0.1,0.2,0.2,0.6,0.8,0.8,0.1,1.4,0.3,0.1,0
352,Daniel Jebbison,163,Sheff Utd,19, FW  ,3(1),284,0,0.3,8.8,68.6,0,0.3,0,6.43,1,0,0,1,1.3,0,0.5,1,0.3,1.3,2,1.5,0.3,1.5,0,0,1,0.3,0
353,John Ruddy,161,Wolves,36, GK  ,1(1),91,0,0,7,64.3,0,1.5,0,6.43,0,0,0,0,0.5,0,0,0,0,0,0,0,0,0,0,0,0,0,0
354,Tyler Roberts,19,Leeds,24," AM(CR),FW  ",14(13),1341,2,0.6,17.1,71.6,0.1,0.5,0.1,6.43,1,3,0,1,0.7,0,0.6,1.2,0.3,0.6,1.2,0.6,0.3,0.9,0,0.4,0.6,0.1,0
355,Sander Berge,163,Sheff Utd,25, M(C)  ,13(2),1120,1,0.9,29.1,85.6,0.1,1,0,6.43,1,4,0,0.7,1.1,0,1.3,0.3,0.1,0.9,1.6,1.1,0.3,0.9,0.1,1.2,0.5,0.1,0
356,Mohamed Elneny,13,Arsenal,30, DMC  ,17(6),1542,0,0.2,44,93,0,1.6,0,6.43,1,3,0,0.4,0.3,1,0.2,0.4,0,0.2,0.3,0.6,1,0.4,0,0.9,0.9,0.2,0
357,Takumi Minamino,18,Southampton,28," AM(CLR),FW  ",9(1),717,0,0.5,24.9,73.5,0,0.7,0,6.42,2,1,0,1.3,0.6,0,0.4,1.1,0.1,0.6,1.6,0.7,0.4,0.7,0,0.9,1.7,0.1,0
358,Theo Corbeanu,161,Wolves,20, AM(LR)  ,0(1),8,0,1,2,100,1,0,0,6.42,0,0,0,0,0,0,0,0,0,0,2,2,1,0,0,0,0,0,0
359,Ryan Bertrand,18,Southampton,33," D(CL),M(L)  ",29,2599,1,0.5,41.3,79.6,0.5,0.8,0,6.41,0,5,0,0.3,1.3,0,0.1,1.2,0.1,0.3,0.9,2.1,1,1,0.2,1.3,0.6,0,0
360,Dennis Praet,14,Leicester,28, AM(CR)  ,10(5),724,1,0.5,19.6,82.7,0.3,0.4,0,6.41,1,0,0,0.5,0.1,1,0.4,0.1,0,0.6,0.7,0.9,0.5,0.8,0,0.2,0.6,0.1,0
361,Steven Alzate,211,Brighton,24," DMC,M(L)  ",10(5),898,0,0.7,29.1,89.9,0.1,1.5,0,6.41,1,2,0,0.5,0.5,1,0.5,0.4,0.1,0.6,0.9,1.1,0.5,1.3,0,0.6,0.6,0.1,0
362,Bernard,31,Everton,30, AM(CL)  ,3(9),450,0,0.8,21,84.9,0.3,0.7,0,6.41,1,2,0,0.5,0,0,0.8,0.6,0,0.9,1.3,0.7,0.7,0.5,0,0.4,0.7,0,0
363,Grady Diangana,175,West Brom,25," AM(CLR),FW  ",15(5),1239,0,0.3,16.8,76.2,0.1,0.3,0,6.41,1,0,0,0.7,1.2,0,1.3,1.8,0.2,1.9,2.6,1.8,0.8,0.6,0,0.4,1.2,0.1,0
364,Callum Robinson,175,West Brom,28," AM(CLR),FW  ",20(8),1567,0,0.6,13.9,74.9,0.2,0.4,0,6.41,5,0,0,1.1,0.6,1,0.5,0.7,0.3,0.9,1.4,0.3,0.3,0.1,0,0.3,0.6,0,0
365,Manuel Lanzini,29,West Ham,30, M(CLR)  ,5(12),560,1,0.6,21.8,90.5,0.1,0.5,0,6.41,1,1,0,0.7,0.1,0,0.4,0.6,0.2,0.5,0.8,0.5,0.4,0.4,0,0.3,0.4,0,0
366,Eric Bailly,32,Man Utd,29, D(CR)  ,10(2),915,0,0,46.8,88.3,0,1.7,0,6.41,0,3,0,0.2,2,0,0.3,0.3,0,0,0.6,0.4,1.1,0.8,0.3,3,0.1,0.9,0
367,Daniel Amartey,14,Leicester,28," D(CR),DMC  ",9(4),722,0,0,34.9,86.3,0,1.2,0,6.40,1,3,0,0.2,1.5,0,0.1,0.1,0,0.2,0.4,0.8,0.9,0.2,0.3,1.8,0.3,0.3,0
368,Takumi Minamino,26,Liverpool,28," AM(CLR),FW  ",2(7),289,0,0,15.3,79.7,0,0.1,0,6.40,1,0,0,0.8,0.3,0,0.8,0.2,0.1,0.6,0.8,0.4,0.2,0.4,0,0.3,1.3,0,0
369,Ben Osborn,163,Sheff Utd,28," D(L),M(CLR)  ",17(7),1606,0,0.7,31,81,0.7,0.8,0,6.40,1,1,0,0.4,0.5,0,0.8,0.6,0.2,1,1.8,1.4,0.5,0.4,0,0.5,1.1,0.1,0
370,Semi Ajayi,175,West Brom,29," D(C),DMC  ",31(2),2780,0,0.2,28.4,73.2,0,1.8,0,6.40,2,3,1,0.4,2.3,0,0.3,0.1,0,0.2,0.7,1.2,1.3,0.8,0.4,3.6,0.5,1,0
371,Sam Field,175,West Brom,25," D(C),DMC  ",0(3),62,0,0,8,62.5,0,0.3,0,6.40,0,0,0,0,1,0,0.3,0.3,0,0.3,0.7,1.7,0.7,0.7,0,1,0,0.3,0
372,Tim Ream,170,Fulham,35," D(CL),DMC  ",7,630,0,0,66.9,90.6,0,3.7,0,6.40,0,0,0,0,1.6,0,0.1,0,0,0.1,0.3,1.7,0.9,0.4,0.1,3.3,0.4,0.7,0
373,Percy Tau,211,Brighton,28," AM(CR),FW  ",1(2),102,1,1,10.3,77.4,0,0,0.3,6.39,0,0,0,0,0,0,1,0.3,0,0.3,1.7,0.3,0,0,0,0,0.7,0,0
374,Xherdan Shaqiri,26,Liverpool,31, M(CLR)  ,5(9),553,2,1.4,28.5,87.2,0.5,0.9,0.1,6.39,0,2,0,0.8,0.1,0,0.4,0.4,0,0.5,0.9,0.5,0.1,0.8,0,0,0.4,0,0
375,Joe Bryan,170,Fulham,29," D(L),M(CL)  ",7(9),666,0,0.3,19.6,75.2,0.4,0.8,0.1,6.39,1,2,0,0.5,0.4,0,0.9,0.4,0,0.2,0.8,0.9,0.9,0.6,0.1,0.7,0.3,0.1,0
376,Phil Bardsley,184,Burnley,37," D(LR),M(R)  ",3(1),273,0,0,27.3,64.2,0.5,1.3,0,6.39,0,2,0,0.8,1.8,0,0.8,1,0,0.3,0.3,1.5,1.5,2,0.3,3,0.8,0.3,0
377,Josh Maja,170,Fulham,24, FW  ,9(6),810,0,0.5,12,85,0,0.2,0,6.39,3,0,0,1.4,0.8,1,0.5,0.5,0.1,0.9,1.7,0.5,0.3,0.5,0,0.1,0.4,0.1,0
378,Fabian Schär,23,Newcastle,31, D(C)  ,13(5),1247,0,0,32.3,77.1,0,3.5,0,6.39,1,4,1,0.7,0.9,0,0.4,0.8,0.1,0.3,0.2,0.7,1.5,1.2,0.3,2.8,0.7,0.7,0
379,Enda Stevens,163,Sheff Utd,32," D(CL),M(L)  ",30,2700,1,0.6,39.5,78.1,0.4,1.9,0,6.39,0,6,0,0.5,1.2,0,0.7,0.3,0.1,1,1.5,2,0.7,1.1,0.3,2.5,0.8,0.4,0
380,James Tomkins,162,Crystal Palace,34, D(CR)  ,6(2),552,0,0.1,22.8,76.9,0,1.5,0,6.39,0,1,0,0.3,1.5,0,0,0.1,0,0,0.4,0.5,0.5,0.4,0.4,5.4,0.1,0.4,0
381,Ben Johnson,29,West Ham,23," D(CLR),M(LR)  ",5(9),519,0,0.3,13.1,72.3,0.2,0.6,0,6.39,1,1,0,0.2,0.4,0,0.3,0.2,0,0.4,0.3,0.8,0.8,0.4,0,0.4,0.1,0.1,0
382,Morgan Gibbs-White,161,Wolves,23," AM(CLR),FW  ",4(7),412,0,0.7,20.2,86,0,0.8,0,6.38,1,1,0,0.9,0.2,0,0.7,0.9,0.1,0.5,1.6,0.8,0.3,0.5,0,0.1,0.6,0,0
383,Ryan Fraser,23,Newcastle,29," M(CLR),FW  ",9(9),927,2,1.4,14.6,79.4,1.4,0.2,0,6.38,0,0,1,0.7,0.3,0,0.2,1.1,0,0.3,0.7,0.2,0.3,0.3,0,0.3,0.2,0,0
384,Javier Manquillo,23,Newcastle,29," D(LR),M(R)  ",10(3),826,0,0.4,22.3,75.9,0.5,0.8,0,6.37,0,1,0,0.1,1.1,0,0.1,0.6,0,0.5,1.2,1.8,0.7,0.5,0.1,1.1,0.5,0.1,0
385,Carlos Vinícius,30,Tottenham,28, FW  ,3(6),306,0,0.2,5.1,52.2,0,0.1,0,6.37,1,2,0,0.8,1.6,0,0.3,0.3,0.2,0.8,1.9,0.3,0.2,1.2,0,0.6,0,0,0
386,Filip Krovinovic,175,West Brom,27, M(CL)  ,5(6),545,0,0.5,32.7,83.3,0.5,1.4,0,6.37,0,0,0,0.7,0.8,0,0.7,1.1,0,0.5,1.1,1.2,0.4,0.5,0,0.2,1.1,0,0
387,Harry Winks,30,Tottenham,27, DMC  ,9(6),861,0,0.3,45.4,84.9,0.1,1.7,0,6.37,0,5,0,0.3,0.5,0,0.3,0.8,0,0.2,0.4,1.1,0.7,0.7,0,0.7,1,0.3,0
388,Moussa Djenepo,18,Southampton,24, M(LR)  ,15(12),1240,0,0.2,14.1,72.8,0,0.3,0,6.37,1,5,0,0.5,0.4,0,1,1.4,0.1,0.6,1.8,1.9,0.4,1.1,0,0.4,1.3,0.1,0
389,Nampalys Mendy,14,Leicester,30, M(C)  ,15(8),1458,1,0.2,42.3,91,0,1.1,0,6.36,0,5,0,0.2,0.3,0,0.3,1.3,0,0.5,0.8,1.1,0.6,0.9,0,0.3,0.6,0,0
390,Matej Vydra,184,Burnley,31," AM(CL),FW  ",15(13),1368,2,0.5,8.4,71.2,0,0.1,0,6.36,3,0,0,1.3,1.3,0,0.6,0.5,0.4,0.8,1.9,0.3,0.2,0.2,0,0.2,0.3,0,0
391,Sean Longstaff,23,Newcastle,25, DMC  ,15(7),1406,1,0.5,25.4,81.5,0.3,2.3,0,6.36,0,2,0,0.7,0.5,0,0.2,1,0,0.3,0.8,1.4,0.9,1,0,0.6,1.1,0.2,0
392,Erik Lamela,30,Tottenham,31," AM(CLR),FW  ",5(18),708,0,0.4,14.7,83.1,0.1,0.3,0,6.36,1,4,1,0.9,0.3,0,1.1,0.4,0,0.6,0.9,0.7,0.3,1,0,0,0.6,0,0
393,Keinan Davis,24,Aston Villa,25, FW  ,1(14),266,1,0.4,4.9,74,0.1,0.1,0,6.36,1,0,0,0.6,1.2,0,0.6,0.3,0,0.3,0.7,0.1,0,0.3,0,0.1,0.1,0,0
394,Ki-Jana Hoever,161,Wolves,21," D(R),M(R)  ",5(7),574,0,0.3,24.3,78,0.2,0.9,0,6.36,0,1,0,0.1,0.5,0,1.1,0.3,0.1,0.5,1,1.2,0.8,0.3,0.1,1.8,1,0,0
395,Jack O'Connell,163,Sheff Utd,29, D(C)  ,2,180,0,0,38.5,71.4,0,2,0,6.36,0,0,0,0,2.5,0,0,0,0.5,0,1,1.5,1,0,0.5,3.5,0.5,1.5,0
396,George Baldock,163,Sheff Utd,30," D(CR),M(R)  ",32,2789,2,0.6,28,78.3,0.3,0.7,0,6.35,0,7,0,0.4,0.8,0,0.5,0.7,0.3,0.6,1,1.5,0.8,1.4,0.1,1.9,0.9,0.2,0
397,DeAndre Yedlin,23,Newcastle,29," D(R),M(R)  ",5(1),437,0,0.5,22.5,64.4,0.2,1.2,0,6.35,0,0,0,0.3,0.7,0,0.2,0.7,0.2,0.2,1.2,1.5,1.2,0.7,0,2.3,1,0.2,0
398,Owen Otasowie,161,Wolves,22, Midfielder  ,2(4),187,1,0.3,9.8,72.9,0,0,0,6.35,0,1,0,0.7,1.3,0,0.5,1,0,0.5,1.2,0.8,0.5,0.5,0,0.7,0.2,0.2,0
399,Donny van de Beek,32,Man Utd,26, M(C)  ,4(15),515,1,0.2,14.4,86.1,0,0.3,0,6.35,1,1,0,0.1,0.1,0,0.4,0.3,0,0.4,0.6,0.8,0.3,0.3,0,0.3,0.4,0.1,0
400,Matt Phillips,175,West Brom,32," M(CLR),FW  ",20(13),1829,1,0.8,14.5,74.3,0.6,0.4,0,6.34,2,1,0,0.7,0.5,1,0.7,0.2,0.2,0.8,1.6,0.5,0.3,0.9,0,0.8,0.5,0.1,0
401,Ross Barkley,15,Chelsea,29, M(CLR)  ,0(2),40,0,0.5,13.5,85.2,0,2,0,6.34,0,0,0,0.5,1,0,0.5,1,0.5,0.5,1,0,0,1,0,0,0,0,0
402,Jairo Riedewald,162,Crystal Palace,26," D(CL),DMC  ",19(14),1819,0,0.4,19.1,85.6,0,0.5,0,6.34,2,4,0,0.2,0.4,0,0.4,0.2,0,0.3,0.8,1,0.9,0.6,0,0.7,0.6,0.2,0
403,Jamal Lewis,23,Newcastle,25," D(L),M(L)  ",20(4),1833,1,0.6,27.1,77.1,0.5,1.3,0,6.34,0,4,0,0.1,0.4,0,0.5,0.7,0,0.5,0.7,1.5,0.5,0.8,0.5,1.5,0.9,0.3,0
404,Nathaniel Clyne,162,Crystal Palace,32," D(LR),M(R)  ",13,1147,1,0.3,34.1,76.3,0.4,1.2,0,6.33,0,2,0,0.3,0.3,0,0.3,0.2,0,0.2,0.6,1.3,1.4,0.3,0.2,1.6,0.5,0.2,0
405,Jeff Hendrick,23,Newcastle,31, M(CR)  ,17(5),1423,1,0.3,24.5,80.1,0.1,1.3,0,6.33,2,1,1,0.5,0.6,1,0.4,0.5,0.1,0.7,0.6,0.4,0.9,0.7,0,0.6,0.5,0.4,0
406,Eddie Nketiah,13,Arsenal,23, FW  ,4(13),415,1,0.5,5.4,82.4,0.1,0,0,6.33,2,0,0,0.7,0.4,0,0.4,0.6,0,0.3,0.8,0.2,0,0.6,0,0.3,0.1,0,0
407,Michy Batshuayi,162,Crystal Palace,29, FW  ,7(11),724,1,0.5,9.3,71.3,0.1,0.1,0,6.32,2,0,0,0.7,0.6,0,0.6,0.3,0.6,1.2,1.4,0.3,0.2,0.7,0,0.3,0.4,0.1,0
408,Hélder Costa,19,Leeds,29, AM(CLR)  ,13(9),1158,3,0.4,13.8,76.6,0.1,0.1,0,6.32,3,0,0,0.7,0.2,0,0.9,0.8,0.1,0.9,2,1.1,0.1,0.9,0,0.2,1,0,1
409,Billy Gilmour,15,Chelsea,21, DMC  ,3(2),260,0,0.6,45,88,0,1.2,0,6.32,0,0,0,0.2,0.4,0,0.2,0.4,0,0,0.4,0.8,0.6,0.4,0,0.2,1,0.4,0
410,Kevin Long,184,Burnley,32, D(C)  ,7(1),636,0,0.1,33.1,71.3,0,2.6,0,6.32,0,2,0,0.3,2.3,0,0,0.3,0,0,0.1,1.4,0.8,0.9,0.8,3,0.3,0.9,0
411,Andy Carroll,23,Newcastle,34, FW  ,4(14),384,0,0.1,7.6,61.8,0,0.3,0,6.31,1,1,0,0.8,2.9,0,0.1,0.6,0.2,0.2,1,0.2,0,0.7,0,0.8,0.4,0,0
412,Fábio Silva,161,Wolves,20," AM(L),FW  ",11(21),1357,3,0.3,10.1,72.8,0,0,0,6.30,4,2,0,1.5,1.1,0,0.2,0.7,0.2,0.7,1.4,0.2,0.1,0.6,0,0.2,0.3,0,0
413,Anthony Gordon,31,Everton,22, AM(LR)  ,1(2),88,0,0.3,8.3,84,0,0.3,0,6.29,0,0,0,0,0.3,0,0.7,0.7,0.3,0.7,1.7,1,0.3,0,0,0.7,0.7,0,0
414,James McCarthy,162,Crystal Palace,32, M(C)  ,10(6),824,0,0.3,20.7,76.4,0.3,1.5,0,6.29,0,1,0,0.1,0.6,0,0.1,0.3,0,0.1,0.6,1.1,0.5,0.4,0.1,0.7,0.8,0.4,0
415,Kieran Gibbs,175,West Brom,33," D(L),M(L)  ",9(1),811,0,0.4,26.4,74.2,0.3,1.1,0,6.29,0,1,1,0.1,0.9,0,0.2,0.2,0,0.1,0.9,1.5,1.6,0.6,0.1,2.7,0.2,0.6,0
416,Matty Longstaff,23,Newcastle,23, AM(C)  ,4(1),377,0,0.4,27.8,82.7,0.4,0.6,0,6.29,0,0,0,0,1,0,0.4,1,0,0.2,0.2,0.6,1.4,0.6,0.2,0.4,1.2,0,0
417,Jean-Philippe Mateta,162,Crystal Palace,25, FW  ,2(5),217,0,0.1,6.7,61.7,0,0,0,6.29,1,0,0,0.6,1.9,0,0.4,0.1,0.7,0.7,1.4,0.1,0,0.4,0,0.3,0.3,0,0
418,Fabian Delph,31,Everton,33," D(L),M(CL)  ",2(6),261,0,0.3,27.1,89.9,0,1,0,6.29,0,1,0,0.1,0,0,0.9,0.9,0,0,0.5,0.6,0.5,0.4,0,0.9,0.3,0,0
419,Jakub Moder,211,Brighton,24, M(CL)  ,7(5),648,0,0.3,21.9,73.4,0.1,0.4,0,6.28,0,0,0,1.1,0.6,0,0.8,0.3,0.2,0.8,1.2,1.3,0.3,1,0,0.6,1.1,0.1,0
420,Dale Stephens,184,Burnley,33, M(C)  ,3(4),259,0,0,17,82.4,0,1,0,6.28,0,1,0,0.6,0.7,0,0.1,0.3,0,0.7,0.4,1.6,1.1,1.1,0,0.1,0.4,0,0
421,Aaron Connolly,211,Brighton,23, FW  ,9(8),793,1,0.4,5.4,78.3,0,0,0,6.28,2,0,0,1.4,0.4,0,0.3,0.9,0.5,0.5,1.6,0.4,0,0.4,0,0.1,0.1,0,0
422,Sead Kolasinac,13,Arsenal,29," D(CL),DMC,M(L)  ",1,90,0,0,62,87.1,0,1,0,6.28,0,0,0,0,2,0,0,1,0,0,0,0,1,1,0,0,0,0,0
423,Jay Rodríguez,184,Burnley,34," AM(CLR),FW  ",12(19),1256,2,0.2,8.8,73.4,0,0.1,0,6.27,1,3,0,1,1.4,0,0.4,0.6,0.5,0.7,1.6,0.8,0.1,1,0,0.2,0.5,0.1,0
424,Alireza Jahanbakhsh,211,Brighton,29, AM(CLR)  ,6(15),525,1,0.5,11,77.6,0.2,0.3,0.1,6.26,0,3,0,0.9,0.2,0,0.5,0.2,0,0.3,0.6,0.4,0.4,0.3,0,0,0.5,0,0
425,Axel Tuanzebe,32,Man Utd,25, D(CR)  ,4(5),402,0,0,29.2,88.6,0,1.9,0,6.26,0,2,0,0,0.7,0,0,0.2,0,0.1,0.2,1.4,0.3,0.7,0.1,1.7,0.1,0.6,1
426,Sidnei Tavares,14,Leicester,21, Midfielder  ,1(1),85,0,0,13,69.2,0,0,0,6.26,0,0,0,0.5,0.5,0,0.5,1.5,0,1.5,1,0.5,0,0.5,0,0,0,0.5,0
427,Oliver Burke,163,Sheff Utd,26," AM(LR),FW  ",14(11),1273,1,0.6,10.1,70.2,0,0.1,0,6.25,1,2,0,1,1.2,0,0.6,0.2,0.1,1.1,1.9,0.6,0.1,0.9,0,0.2,0.8,0,0
428,Jack Butland,162,Crystal Palace,30, GK  ,1,90,0,0,19,21.1,0,3,0,6.25,0,0,0,0,0,0,0,0,0,0,0,0,0,0,0,0,0,0,0
429,Joe Willock,13,Arsenal,23, M(C)  ,2(5),235,0,0.3,12.4,78.2,0,0.1,0,6.25,0,1,0,0.6,1.1,0,0.6,0.6,0,0.4,1.9,0.9,0.4,0.9,0,0,0.6,0.1,0
430,Pablo Hernández,19,Leeds,38, M(CLR)  ,3(13),419,2,0.4,23.6,77,0,1.5,0,6.25,0,1,0,0.9,0,0,0.6,0.4,0,0.1,0.6,0.3,0,0.1,0,0,0.7,0,0
431,Nathan Tella,18,Southampton,23," AM(CLR),FW  ",7(11),742,1,0.3,7.5,71.9,0.1,0.1,0,6.25,1,2,0,0.9,0.1,0,0.6,1.3,0.3,1.3,1.9,0.4,0.2,0.9,0,0.1,0.5,0,0
432,Vitinha,161,Wolves,23, M(C)  ,5(14),513,1,0.6,17.4,90.3,0.2,0.5,0.1,6.23,0,0,0,0.4,0,0,0.4,0.3,0.1,0.2,0.9,0.4,0.2,0.4,0,0.1,0.3,0,0
433,Davy Pröpper,211,Brighton,31, M(C)  ,2(5),211,0,0,13.3,75.3,0,0.6,0,6.23,0,0,0,0.6,0.4,0,0.3,0,0,0.7,0.3,0.9,0.1,0.1,0,0,0.4,0,0
434,Niall Huggins,19,Leeds,22, Defender  ,0(1),37,0,0,17,88.2,0,0,0,6.23,0,0,0,0,0,0,0,0,0,0,0,0,0,0,0,1,1,0,0
435,Ruben Loftus-Cheek,15,Chelsea,27, M(CLR)  ,1,61,0,0,17,64.7,0,0,0,6.23,0,0,0,0,1,0,0,2,0,1,2,0,0,1,0,0,0,0,0
436,John Lundstram,163,Sheff Utd,29," D(C),DMC  ",23(5),2032,2,0.7,35.7,84.2,0.4,1.8,0,6.23,0,8,1,0.7,0.5,0,0.5,0.7,0,0.7,1,0.9,0.5,0.9,0.1,0.8,1.2,0.3,0
437,Ian Poveda-Ocampo,19,Leeds,23, AM(R)  ,0(14),345,0,0.4,7.9,75.7,0.1,0.3,0,6.23,0,0,0,0.4,0,0,0.9,0.4,0.1,1.1,0.9,0.4,0.1,0.4,0,0.1,0.4,0.1,0
438,Niels Nkounkou,31,Everton,22," D(L),M(L)  ",1(1),81,0,0,14,85.7,0.5,0.5,0,6.23,0,1,0,0.5,0,0,1,0,0,0.5,1.5,2,0,0.5,0,2,2.5,0,0
439,Carney Chukwuemeka,24,Aston Villa,19, Midfielder  ,0(2),18,0,0,4.5,66.7,0,0.5,0,6.22,0,0,0,0.5,0.5,0,0,0,0,0,0.5,1,0,1,0,0,1,0,0
440,Maxime Le Marchand,170,Fulham,33, D(CL)  ,1(1),122,0,0,42.5,91.8,0,4,0,6.22,0,2,0,0.5,1.5,0,0,0.5,0,0,0,1,0,1.5,1.5,1.5,0,0,0
441,Ibrahima Diallo,18,Southampton,24, DMC  ,10(12),1012,0,0.4,26.7,85,0,0.7,0,6.22,0,3,0,0.3,0.5,0,0.5,0.5,0,0.7,0.9,1.3,0.5,1,0,0.5,0.3,0,0
442,Rekeem Harper,175,West Brom,23, M(C)  ,0(2),30,0,0,8.5,82.4,0,0.5,0,6.22,0,0,0,0.5,0.5,0,1,0,0,0,1,0,0.5,0.5,0,0,0,0,0
443,Branislav Ivanovic,175,West Brom,39, D(CR)  ,8(5),767,0,0.1,24.4,83.9,0,1.1,0,6.21,0,2,0,0.3,1,0,0,0.3,0.1,0,0.1,1.1,0.6,0.8,0.5,1.9,0.5,0.4,0
444,Brandon Williams,32,Man Utd,22," D(L),M(L)  ",2(2),187,0,0.3,30.8,84.6,0.3,0.5,0,6.21,0,0,0,0.3,0,0,0.5,0.8,0,0.3,0.5,0,0.3,0.5,0.3,1,0.3,0,0
445,Lee Peltier,175,West Brom,36," D(CLR),DMC,M(R)  ",3(1),229,0,0.3,16.3,56.9,0.5,0.3,0,6.21,0,1,0,0,0.8,0,0.3,0,0,0,0.8,2.3,0.3,1,0,2.8,0,0.3,0
446,William Smallbone,18,Southampton,23, AM(CR)  ,2(1),173,0,0,24.3,83.6,0,1,0,6.21,0,0,0,0.3,0.7,0,0,0.7,0,0.7,0.7,2,0.7,1,0,0.3,0.7,0,0
447,Dwight Gayle,23,Newcastle,33," AM(LR),FW  ",4(14),506,1,0.3,6,85.2,0.1,0,0,6.21,1,0,0,0.9,0.6,0,0.1,0.3,0.2,0.1,0.4,0.1,0.1,0.3,0,0.1,0.4,0.1,0
448,Andrii Yarmolenko,29,West Ham,33," AM(CR),FW  ",1(14),363,1,0.3,9,83.7,0.2,0.4,0,6.21,0,3,0,0.5,0.3,0,0.4,0.4,0.3,0.7,0.8,0.3,0.1,0.5,0,0.1,0.4,0,0
449,Morgan Sanson,24,Aston Villa,28, M(CLR)  ,3(6),291,0,0.1,15.3,84.8,0.1,0.7,0,6.20,0,3,0,0.2,0.6,0,0.4,0.9,0.2,0.3,1.1,0.8,0.4,0.7,0,0.1,0.3,0,0
450,Reiss Nelson,13,Arsenal,23, M(LR)  ,0(2),70,0,0,8.5,82.4,1,1,0,6.20,0,0,0,0.5,0,0,0.5,0.5,0,1,0,0.5,0.5,1,0,0.5,0,0,0
451,Billy Sharp,163,Sheff Utd,37, FW  ,7(9),730,0,0.3,7,75,0.1,0,0.1,6.20,3,1,0,0.6,0.8,0,0.3,0.9,0.7,1,1.1,0.3,0,0.9,0,0.1,0.4,0,0
452,Jacob Ramsey,24,Aston Villa,21, AM(CLR)  ,6(16),619,0,0.3,10,86,0.1,0.5,0,6.20,0,0,0,0.5,0.3,0,0.3,0.5,0.1,0.5,0.6,0.5,0.2,0.6,0,0.2,0.5,0.3,0
453,Antwoine Hackford,163,Sheff Utd,19, Forward  ,0(1),10,0,0,1,100,0,0,0,6.19,0,0,0,1,0,0,0,0,0,0,0,0,0,0,0,0,0,0,0
454,Divock Origi,26,Liverpool,28," AM(LR),FW  ",2(7),182,0,0.2,6.2,80.4,0.1,0,0,6.19,0,0,0,0.8,0.3,0,0,0.1,0,0.6,0.4,0.3,0.1,0,0,0.2,0.2,0.1,0
455,Hamza Choudhury,14,Leicester,25, DMC  ,4(6),314,0,0,23.5,80.9,0,0.6,0,6.19,0,1,0,0.4,0.6,0,0,0.2,0,0,0.6,0.8,0.4,0.6,0,0.7,0.6,0.1,0
456,Kamil Grosicki,175,West Brom,34, AM(LR)  ,2(1),149,1,1,13.3,75,0,0.7,0,6.19,0,0,0,1,0,0,0,0,0,0.3,0.7,0.7,0.7,0.3,0,0.3,2,0,0
457,Alex Oxlade Chamberlain,26,Liverpool,29, M(CLR)  ,2(11),246,1,0.2,10.1,79.4,0,0.7,0,6.18,1,0,0,0.6,0.3,0,0.1,0.1,0,0.4,0.5,0.3,0.2,0.2,0,0,0.2,0,0
458,Jamie Shackleton,19,Leeds,23," D(R),DMC,M(R)  ",3(10),456,0,0.2,14.8,89.6,0.1,0.2,0,6.18,0,0,0,0,0,0,0.2,0.2,0.1,0.1,0.5,0.8,0.7,0.2,0,0.2,0.5,0.1,0
459,Mark Noble,29,West Ham,36, M(C)  ,8(13),707,0,0.2,20.5,88.6,0.1,1.3,0,6.17,0,1,0,0,0.1,0,0.1,0.4,0,0.3,0.2,0.4,0.6,0.4,0,0.1,0.5,0.1,0
460,Shkodran Mustafi,13,Arsenal,31, D(CR)  ,0(3),45,0,0,16.3,87.8,0,0.7,0,6.17,0,0,0,0,1,0,0,0,0,0,0,0.3,0,0.3,0,1,0,0,0
461,Rhian Brewster,163,Sheff Utd,23, FW  ,12(15),1125,0,0.4,7.7,74.4,0.1,0.3,0.1,6.17,0,1,0,0.9,0.5,0,0.3,0.5,0.1,0.7,0.7,0.3,0.2,0.7,0,0.1,0.4,0.1,0
462,Kepa Arrizabalaga,15,Chelsea,28, GK  ,6(1),585,0,0,29.3,78.5,0,5.1,0,6.17,0,1,0,0,0,0,0,0,0,0,0.3,0,0,0,0,0.6,0.1,0,0
463,Demarai Gray,14,Leicester,26," AM(CLR),FW  ",0(1),18,0,0,9,77.8,0,1,0,6.17,0,0,0,1,0,0,0,0,0,0,1,1,0,0,0,0,0,0,0
464,Hannibal Mejbri,32,Man Utd,20, AM(C)  ,0(1),8,0,0,3,100,0,0,0,6.17,0,0,0,0,0,0,1,1,0,0,0,0,0,0,0,0,0,0,0
465,Nathan Broadhead,31,Everton,25," AM(CLR),FW  ",0(1),2,0,0,2,100,0,0,0,6.17,0,0,0,0,0,0,0,0,0,0,0,1,0,0,0,0,0,0,0
466,Jake Livermore,175,West Brom,33," D(C),DMC  ",15(3),1249,0,0.3,21.3,71,0.1,0.9,0,6.17,0,2,1,0.3,0.7,0,0.1,0.4,0,0.4,0.8,1.8,0.9,1.7,0,1.3,0.9,0.3,1
467,Charlie Austin,175,West Brom,33, FW  ,0(5),134,0,0,6.6,69.7,0,0.6,0,6.16,0,0,0,0.6,1.2,0,0.2,0.4,0.2,0.4,0.8,0.8,0.6,0,0,0.8,0.4,0,0
468,Karlan Grant,175,West Brom,25," AM(CL),FW  ",14(7),1133,0,0.1,10.3,75.1,0,0.1,0,6.15,1,1,0,0.8,0.7,1,0.4,0.6,0.3,0.8,1.5,0.2,0.2,0.4,0,0.7,0.1,0,0
469,Eric García,167,Man City,22, D(C)  ,3(3),382,0,0.2,56.5,95.3,0,1.7,0,6.15,0,0,0,0.3,0.5,0,0,0.3,0,0,0.7,1.3,0.7,0.7,0.5,1.7,0.3,0.2,0
470,Yan Valery,18,Southampton,24," D(CR),M(R)  ",1(2),101,0,0.3,15,88.9,0.7,0.3,0,6.15,0,0,0,0.7,0.7,0,0,0.3,0,1.7,2,1.7,0.7,0.3,0,1.7,1.3,0,0
471,Islam Slimani,14,Leicester,34, FW  ,0(1),19,0,1,9,66.7,0,0,0,6.14,0,0,0,1,2,0,0,0,0,0,1,0,0,0,0,0,0,0,0
472,Kyle Edwards,175,West Brom,25, AM(LR)  ,1(4),114,0,0.2,6.8,91.2,0,0,0,6.14,0,0,0,0.4,0,0,0.2,0.2,0,0.2,0.2,0.6,0.2,0.2,0,0,0,0,0
473,Denis Odoi,170,Fulham,34," D(CLR),DMC  ",3,270,0,0.3,56,82.7,0.3,2.3,0,6.13,0,1,0,0.7,2,0,0.3,1.3,0.3,0.7,0.3,1,1.7,2.3,1,1.7,1,0.3,0
474,Hal Robson-Kanu,175,West Brom,33," AM(LR),FW  ",2(17),549,0,0.3,4.2,70.9,0,0.1,0,6.13,2,2,0,0.7,0.6,0,0.3,0.5,0.2,0.8,1.6,0.1,0.1,0.8,0,0.4,0.1,0,0
475,José Izquierdo,211,Brighton,30, AM(L)  ,0(1),8,0,0,7,85.7,0,0,0,6.13,0,0,0,1,0,0,0,0,0,0,1,0,0,0,0,0,0,0,0
476,Andi Zeqiri,211,Brighton,23, FW  ,0(9),165,0,0.1,4.2,52.6,0.1,0,0,6.13,0,0,0,0.8,0.2,0,0.1,0.2,0,0.1,0.9,0.3,0,0.2,0,0.2,0.1,0,0
477,Neeskens Kebano,170,Fulham,31, AM(CLR)  ,1(4),117,0,0.2,7.2,88.9,0,0,0,6.12,0,0,0,1.2,0,0,0.6,0.2,0.2,0.4,1.4,0,0,0.6,0,0,0.2,0,0
478,Mathew Ryan,211,Brighton,31, GK  ,11,990,0,0,31.8,77.1,0,5.2,0,6.12,0,1,0,0,0.1,0,0,0,0,0,0,0.1,0,0.1,0,1.1,0,0,0
479,Romaine Sawyers,175,West Brom,31, M(CL)  ,17(2),1490,0,0.3,37.9,85.3,0.1,2.2,0.1,6.12,0,2,0,0.2,0.7,0,0.4,0.7,0,0.5,0.7,1.6,0.9,0.9,0.1,0.5,1.5,0.2,1
480,Shane Long,18,Southampton,36," AM(LR),FW  ",1(10),201,0,0,5.1,57.1,0,0,0,6.11,0,0,0,0.2,1.2,0,0.2,0.5,0.3,0.6,0.5,0.2,0.3,0.6,0,0.1,0.1,0,0
481,Joshua King,31,Everton,31," AM(CLR),FW  ",0(11),138,0,0,4.5,65.3,0,0,0,6.11,0,0,0,0.3,0.5,0,0.4,0.1,0.3,0.5,0.8,0.4,0.1,0.4,0,0.1,0,0,0
482,Josh Onomah,170,Fulham,26, M(CL)  ,4(7),372,0,0.1,15.5,90,0,0.4,0,6.08,0,1,0,0.5,0.4,0,0.2,0,0,0.8,0.8,1,0.2,1.1,0,0.1,0.5,0.2,0
483,Marek Rodák,170,Fulham,26, GK  ,2,180,0,0,20.5,80.5,0,4,0,6.08,0,0,0,0,0.5,0,0,0,0,0,0,0,0,0,0,1,0,0,0
484,Martin Kelly,162,Crystal Palace,33, D(CLR)  ,0(1),1,0,0,3,66.7,0,0,0,6.08,0,0,0,0,0,0,0,0,0,0,0,1,0,0,0,0,0,0,0
485,Wes Morgan,14,Leicester,39, D(C)  ,0(3),16,0,0,1.7,100,0,0.3,0,6.07,0,0,0,0,0,0,0,0,0,0,0,0,0,0,0,0.3,0,0,0
486,Zack Steffen,167,Man City,28, GK  ,1,90,0,0,26,80.8,0,1,0,6.07,0,0,0,0,0,0,0,0,0,0,0,0,0,1,0,0,0,0,0
487,Michael Hector,170,Fulham,30," D(C),DMC  ",3(1),264,0,0.3,46.5,79,0,5,0,6.07,0,2,0,0.3,1.5,0,0.8,0.8,0,0,0.8,0.8,0,1.3,0.3,1.5,1.3,0.5,0
488,Felipe Anderson,29,West Ham,30," M(CLR),FW  ",0(2),2,0,0,2.5,60,0,0,0,6.07,0,0,0,0,0,0,0,0,0,0,0,0.5,0,0,0,0,0,0,0
489,Mamadou Sakho,162,Crystal Palace,33, D(C)  ,3(1),275,0,0,23,88,0,1,0,6.06,0,0,0,0.3,1.5,0,0,0.3,0,0.3,0.8,0.8,0.8,0.5,0,2.8,0,0.5,0
490,Caleb Watts,18,Southampton,21, Midfielder  ,0(3),36,0,0,4,58.3,0.3,0,0,6.05,0,1,0,0,0.3,0,0,0.3,0,0.3,0.3,0.7,0,0,0,0,0.3,0,0
491,Jonjoe Kenny,31,Everton,26," D(LR),M(R)  ",1(3),79,0,0,10.5,83.3,0.3,0.5,0,6.04,0,0,0,0,0,0,0,0,0.3,0,0.8,0.5,0.3,0,0,0.5,0,0,0
492,Phil Jagielka,163,Sheff Utd,40, D(CR)  ,6(4),527,0,0,20.4,71.6,0,2.1,0,6.04,0,1,1,0,1.3,0,0,0.1,0,0,0.3,0.5,1,0.8,0.5,2.6,0.5,0.5,1
493,Daniel N'Lundulu,18,Southampton,24, FW  ,0(13),102,0,0.1,2.2,72.4,0,0.1,0,6.03,0,0,0,0.1,0.4,0,0.2,0,0.1,0.2,0.5,0,0,0.5,0,0.2,0.1,0,0
494,Leif Davis,19,Leeds,23," D(L),M(L)  ",0(2),31,0,0,9.5,89.5,0,0.5,0,6.02,0,0,0,0,0,0,0,0,0,0.5,0.5,0,0.5,0.5,0,0,1.5,0,0
495,Oskar Buur,161,Wolves,25, D(R)  ,0(1),22,0,0,14,92.9,0,0,0,6.02,0,0,0,0,1,0,0,0,0,1,0,0,0,0,0,0,2,0,0
496,Iliman Ndiaye,163,Sheff Utd,23," AM(C),FW  ",0(1),11,0,0,3,100,0,0,0,6.01,0,0,0,0,0,0,0,0,0,0,1,1,0,0,0,0,0,0,0
497,Thakgalo Leshabela,14,Leicester,23, Midfielder  ,0(1),9,0,0,7,85.7,0,0,0,6.01,0,0,0,0,0,0,0,0,0,1,0,0,0,0,0,0,0,0,0
498,Shola Shoretire,32,Man Utd,19," AM(C),FW  ",0(2),9,0,0,3,83.3,0,0,0,6.01,0,0,0,0,0.5,0,0,0,0,0,1,0,0,0,0,0,0,0,0
499,Robert Snodgrass,29,West Ham,35, M(CLR)  ,0(3),4,0,0,1.3,100,0,0,0,6.00,0,0,0,0,0,0,0,0.3,0,0,0,0,0,0,0,0,0,0,0
500,Dane Scarlett,30,Tottenham,19, FW  ,0(1),1,0,0,0,0,0,0,0,6.00,0,0,0,0,0,0,0,0,0,0,0,0,0,0,0,0,0,0,0
501,Elliot Anderson,23,Newcastle,20, AM(CL)  ,0(1),3,0,0,1,100,0,0,0,6.00,0,0,0,0,0,0,0,0,0,0,0,0,0,0,0,0,0,0,0
502,Femi Seriki,163,Sheff Utd,21," D(R),M(R)  ",0(1),1,0,0,0,0,0,0,0,6.00,0,0,0,0,0,0,0,0,0,0,0,0,0,0,0,0,0,0,0
503,Jaden Philogene,24,Aston Villa,21, M(LR)  ,0(1),1,0,0,4,50,0,0,0,6.00,0,0,0,0,0,0,0,0,1,0,0,0,0,0,0,0,0,0,0
504,Jayson Molumby,211,Brighton,23, M(C)  ,0(1),1,0,0,1,0,0,0,0,6.00,0,0,0,0,0,0,0,0,0,0,0,0,0,0,0,0,0,0,0
505,Jean-Philippe Gbamin,31,Everton,27," D(CR),DMC  ",0(1),11,0,0,9,66.7,0,0,0,6.00,0,0,0,0,0,0,0,0,0,1,0,1,0,0,0,1,0,0,0
506,William Fish,32,Man Utd,20, D(C)  ,0(1),1,0,0,0,0,0,0,0,6.00,0,0,0,0,0,0,0,0,0,0,0,0,0,0,0,0,0,0,0
507,Moise Kean,31,Everton,23," AM(LR),FW  ",0(2),13,0,0,3,100,0,0,0,6.00,0,0,0,0.5,0,0,0,0,0,0,0.5,0,0,0.5,0,0,0,0,0
508,Lewis Richardson,184,Burnley,20, FW  ,0(2),3,0,0,0.5,0,0,0,0,5.98,0,0,0,0,0,0,0,0,0,0,0,0,0,0,0,0,0,0,0
509,Reda Khadra,211,Brighton,21," AM(L),FW  ",0(1),4,0,0,1,0,0,0,0,5.98,0,0,0,0,0,0,0,0,0,0,0,0,0,0,0,0,0,0,0
510,Michael Obafemi,18,Southampton,22, FW  ,0(4),57,0,0.3,3,100,0,0,0,5.98,0,0,0,0,0,0,0,0.8,0,0.5,0.3,0.3,0,0.3,0,0,0.3,0,0
511,Wesley,24,Aston Villa,26, FW  ,0(3),15,0,0,1.3,100,0,0,0,5.96,0,0,0,0.3,0,0,0,0.3,0,0,0.3,0,0,0,0,0,0.3,0,0
512,Patrick Cutrone,161,Wolves,25, FW  ,0(2),23,0,0,1,0,0,0,0,5.96,0,0,0,0.5,0,0,0,0.5,0,0,0.5,0,0,0,0,0,0,0,0
513,Konstantinos Tsimikas,26,Liverpool,26, D(L)  ,0(2),6,0,0,2.5,80,0,0,0,5.96,0,0,0,0,0,0,0,0,0,0,0.5,0,0,0.5,0,0,0,0,0
514,Aboubakar Kamara,170,Fulham,28," AM(R),FW  ",2(9),310,0,0.5,10.2,75.9,0.1,0.4,0,5.95,0,1,1,0.4,1,0,0.4,0.3,0,0.7,1.2,0.2,0.1,0.8,0,0,0.5,0,0
515,Josh Benson,184,Burnley,23, DMC  ,2(4),261,0,0,13.2,77.2,0,0.2,0,5.94,0,0,0,0.3,0.3,0,0.3,0.2,0,0.7,0.7,0.8,0.5,0.7,0,0.3,0.8,0,0
516,Liam Delap,167,Man City,20, FW  ,0(1),39,0,0,6,83.3,0,0,0,5.94,0,0,0,1,1,0,0,0,0,1,3,0,0,1,0,0,0,0,0
517,Joel Mumbongo,184,Burnley,24, FW  ,0(4),37,0,0,1.3,80,0,0,0,5.94,0,1,0,0,0,0,0,0.5,0.3,0.3,0.3,0,0,0.3,0,0,0,0,0
518,Lys Mousset,163,Sheff Utd,27, FW  ,2(9),290,0,0.3,4,77.3,0,0.2,0,5.94,0,0,0,0.4,0.4,0,0.4,0.2,0.4,0.8,1.1,0.1,0,0.6,0,0.1,0.2,0,0
519,Cenk Tosun,31,Everton,31," AM(LR),FW  ",0(5),44,0,0.2,2.8,64.3,0,0.2,0,5.93,0,1,0,0,0,0,0,0,0,0,0.2,0,0,0.2,0,0,0.2,0,0
520,Adrián,26,Liverpool,36, GK  ,3,270,0,0,26.7,75,0,3.3,0,5.90,0,0,0,0,0.3,0,0,0,0,0,0,0,0,0,0,2,0,0,0
521,Tyrese Francois,170,Fulham,22, Midfielder  ,0(1),14,0,0,13,92.3,0,0,0,5.89,0,0,0,0,0,0,0,0,0,0,0,0,0,0,0,0,0,0,0
522,Theo Walcott,31,Everton,34," M(CLR),FW  ",0(1),12,0,0,1,100,0,0,0,5.87,0,0,0,0,0,0,0,0,0,0,1,0,0,0,0,0,0,0,0
523,Neil Taylor,24,Aston Villa,34," D(L),M(L)  ",0(1),16,0,0,9,100,0,0,0,5.85,0,1,0,0,0,0,0,0,0,0,0,1,0,1,0,0,0,0,0
524,Jake Vokins,18,Southampton,23, D(L)  ,1,66,0,1,13,84.6,1,0,0,5.83,0,0,0,0,0,0,0,0,1,0,0,0,0,2,0,0,1,0,0
525,Will Norris,184,Burnley,29, GK  ,2,180,0,0.5,28,46.4,0,10.5,0,5.78,0,0,0,0,0,0,0,0,0,0,0,0,0,0,0,0.5,0,0,0
526,Bailey Peacock-Farrell,184,Burnley,26, GK  ,4,360,0,0,26.5,50,0,10.8,0,5.77,0,0,0,0,0,0,0,0.3,0,0,0,0,0,0,0,0.3,0,0,0
527,Allan Tchaptchet,18,Southampton,21, Defender  ,0(1),12,0,0,1,0,0,0,0,5.74,0,0,0,0,1,0,0,0,0,0,1,0,0,0,0,0,0,0,0
528,Odion Ighalo,32,Man Utd,33," AM(C),FW  ",0(1),9,0,0,2,100,0,0,0,5.74,0,0,0,0,0,0,0,0,0,2,1,0,0,0,0,0,1,0,0
529,Alexandre Jankewitz,18,Southampton,21, Midfielder  ,1(1),3,0,0,1.5,66.7,0,0,0,5.68,0,0,1,0,0,0,0,0.5,0,0,0.5,1,0,0.5,0,0,0,0,0
530,Willy Caballero,15,Chelsea,41, GK  ,1,90,0,0,24,91.7,0,2,0,5.41,0,0,0,0,0,0,0,0,0,0,0,0,0,0,0,0,0,0,0
531,Kayne Ramsay,18,Southampton,22," D(R),M(R)  ",1,90,0,0,19,78.9,0,0,0,5.06,0,1,0,0,0,0,0,0,0,0,0,5,0,1,1,3,0,0,0
