sofifa_id,player_url,short_name,age,height,nationality,club_name,league_name,player_positions,potential,weight_kg,foot,best_overall,best_position,growth,joined,loan_date_end,value,wage,release_clause,total_attacking,attacking_crossing,attacking_finishing,attacking_heading_accuracy,attacking_short_passing,attacking_volleys,total_skill,skill_dribbling,skill_curve,skill_fk_accuracy,skill_long_passing,skill_ball_control,total_movement,movement_acceleration,movement_sprint_speed,movement_agility,movement_reactions,movement_balance,total_power,power_shot_power,power_jumping,power_stamina,power_strength,power_long_shots,total_mentality,mentality_aggression,mentality_interceptions,mentality_positioning,mentality_vision,mentality_penalties,mentality_composure,total_defending,defending_marking,defending_standing_tackle,defending_sliding_tackle,total_goalkeeping,gk_diving,gk_handling,gk_positioning,gk_reflexes,total_stats,base_stats,weak_foot,skill_moves,attacking_work_rate,defensive_work_rate,international_reputation,pace_/_diving,shooting_/_handling,passing_/_kicking,dribbling_/_reflexes,defending_/_pace,physical_/_positioning
188545,/player/188545/robert-lewandowski/220069/,Robert Lewandowski,32,"185cm / 6'1""",Poland,FC Bayern München,Bundes,ST,92,81kg / 179lbs,Right,92,ST,0,"Jul 1, 2014",N/A,€119.5M,€270K,€197.2M,430,71,95,90,85,89,407,85,79,85,70,88,407,77,78,77,93,82,424,90,85,76,86,87,396,81,49,95,81,90,88,96,35,42,19,51,15,6,8,10,2211,461,4,4,High,Medium,5,78,92,79,86,44,82
158023,/player/158023/lionel-messi/220069/,Lionel Messi,34,"169cm / 5'7""",Argentina,Paris Saint Germain,Lig,CAM,92,67kg / 148lbs,Left,93,CAM,0,"Aug 10, 2021",N/A,€69.5M,€290K,€128.6M,425,85,91,70,91,88,467,96,93,93,91,94,447,90,78,91,93,95,387,86,68,71,69,93,347,44,40,93,95,75,96,79,20,35,24,54,6,11,14,8,2206,457,4,4,Low,Low,5,83,90,91,95,34,64
231747,/player/231747/kylian-mbappe/220069/,Kylian Mbappé,22,"182cm / 6'0""",France,Paris Saint Germain,Lig,ST,95,73kg / 161lbs,Right,92,ST,4,"Jul 1, 2018",N/A,€194M,€230K,€373.5M,411,78,93,72,85,83,404,93,80,69,71,91,462,97,97,92,93,83,411,86,78,88,77,82,353,62,38,92,82,79,88,92,26,34,32,42,13,5,11,6,2175,470,4,5,High,Low,4,97,88,80,92,36,77
209331,/player/209331/mohamed-salah/220069/,Mohamed Salah,29,"175cm / 5'9""",Egypt,Liverpool,Premier Le,RW,91,71kg / 157lbs,Left,91,RW,0,"Jul 1, 2017",N/A,€129M,€350K,€238.7M,402,81,93,59,85,84,412,92,84,69,77,90,457,90,91,91,94,91,399,83,69,87,75,85,382,63,55,92,86,86,92,122,38,43,41,62,14,14,11,14,2236,473,3,4,High,Medium,4,91,89,82,91,45,75
192985,/player/192985/kevin-de-bruyne/220069/,Kevin De Bruyne,30,"181cm / 5'11""",Belgium,Manchester City,Premier Le,CM,91,70kg / 154lbs,Right,91,CM,0,"Aug 30, 2015",N/A,€125.5M,€350K,€232.2M,408,94,83,55,93,83,439,88,85,83,93,90,400,76,76,79,91,78,408,92,63,88,74,91,406,75,66,88,94,83,89,186,68,65,53,56,15,13,10,13,2303,484,5,4,High,High,4,76,87,93,87,64,77
165153,/player/165153/karim-benzema/220069/,Karim Benzema,33,"185cm / 6'1""",France,Real Madrid,La ,CF,91,81kg / 179lbs,Right,91,CF,0,"Jul 9, 2009",N/A,€84M,€450K,€172.2M,434,75,92,90,89,88,409,87,82,73,76,91,401,79,80,78,92,72,409,87,79,81,82,80,367,63,39,92,89,84,90,85,43,24,18,41,13,11,5,7,2146,455,4,4,Medium,Medium,4,80,88,83,87,39,78
20801,/player/20801/c-ronaldo-dos-santos-aveiro/220069/,C. Ronaldo dos Santos Aveiro,36,"187cm / 6'2""",Portugal,Manchester United,Premier Le,ST,91,83kg / 183lbs,Right,91,ST,0,"Aug 27, 2021",N/A,€45M,€270K,€83.3M,434,84,94,90,80,86,411,86,81,79,77,88,417,82,87,82,94,72,435,94,95,77,77,92,353,63,29,95,76,90,95,80,24,32,24,58,7,11,14,11,2188,453,4,5,High,Medium,5,85,93,80,86,34,75
215914,/player/215914/ngolo-kante/220069/,N'Golo Kanté,30,"168cm / 5'6""",France,Chelsea,Premier Le,CDM,90,70kg / 154lbs,Right,90,CDM,0,"Jul 16, 2016",N/A,€100M,€230K,€185M,325,68,65,54,82,56,337,79,49,49,79,81,424,82,75,82,93,92,382,71,77,97,72,65,388,93,91,72,78,54,84,269,90,93,86,54,15,12,7,10,2179,471,3,2,Medium,High,4,78,66,75,82,87,83
203376,/player/203376/virgil-van-dijk/220069/,Virgil van Dijk,29,"193cm / 6'4""",Netherlands,Liverpool,Premier Le,CB,90,92kg / 203lbs,Right,90,CB,0,"Jan 1, 2018",N/A,€100M,€240K,€185M,316,53,52,87,79,45,362,70,60,70,86,76,363,70,90,61,89,53,400,81,88,74,93,64,349,85,90,47,65,62,90,270,92,92,86,58,13,10,11,11,2118,461,3,2,Medium,Medium,4,81,60,71,72,91,86
190871,/player/190871/neymar-da-silva-santos-jr/220069/,Neymar da Silva Santos Jr.,29,"175cm / 5'9""",Brazil,Paris Saint Germain,Lig,LW,90,68kg / 150lbs,Right,90,LW,0,"Aug 3, 2017",N/A,€117.5M,€220K,€217.4M,403,85,83,63,86,86,446,95,88,87,81,95,447,91,88,95,89,84,358,79,64,81,53,81,367,63,37,86,90,91,93,96,35,32,29,59,9,9,15,11,2176,452,5,5,High,Medium,5,89,83,86,94,37,63
167495,/player/167495/manuel-neuer/220069/,Manuel Neuer,35,"193cm / 6'4""",Germany,FC Bayern München,Bundes,GK,90,93kg / 205lbs,Right,90,GK,0,"Jul 1, 2011",N/A,€13.5M,€86K,€22.3M,124,15,13,25,60,11,169,30,14,11,68,46,287,54,60,51,87,35,284,68,77,43,80,16,188,29,30,12,70,47,70,38,17,10,11,444,88,88,89,88,1534,500,4,1,Medium,Medium,5,88,88,91,88,56,89
212831,/player/212831/alisson-ramses-becker/220069/,Alisson Ramses Becker,28,"191cm / 6'3""",Brazil,Liverpool,Premier Le,GK,90,91kg / 201lbs,Right,89,GK,1,"Jul 19, 2018",N/A,€82M,€190K,€157.9M,134,17,13,29,55,20,160,27,19,18,56,40,267,56,47,40,87,37,239,63,52,32,78,14,140,27,11,13,66,23,68,50,15,19,16,435,86,86,90,89,1425,487,3,1,Medium,Medium,3,86,86,84,89,52,90
212622,/player/212622/joshua-kimmich/220069/,Joshua Kimmich,26,"177cm / 5'10""",Germany,FC Bayern München,Bundes,CDM,90,75kg / 165lbs,Right,89,CDM,1,"Jul 1, 2015",N/A,€108M,€160K,€186.3M,387,91,68,72,87,69,411,82,85,69,90,85,398,77,65,84,88,84,402,78,79,94,68,83,382,89,84,80,85,44,85,248,85,85,78,60,8,15,15,15,2288,475,4,3,High,Medium,4,70,72,87,84,83,79
210257,/player/210257/ederson-santana-de-moraes/220069/,Ederson Santana de Moraes,27,"188cm / 6'2""",Brazil,Manchester City,Premier Le,GK,91,86kg / 190lbs,Left,89,GK,2,"Jul 1, 2017",N/A,€94M,€200K,€181M,127,20,14,14,61,18,164,23,15,20,66,40,323,64,63,60,88,48,273,70,66,41,78,18,206,38,27,20,70,51,70,52,29,15,8,438,87,82,88,88,1583,502,3,1,Medium,Medium,3,87,82,93,88,64,88
208722,/player/208722/sadio-mane/220069/,Sadio Mané,29,"175cm / 5'9""",Senegal,Liverpool,Premier Le,LW,89,69kg / 152lbs,Right,89,LW,0,"Jul 1, 2016",N/A,€101M,€270K,€186.9M,407,78,86,84,84,75,386,88,77,64,71,86,454,92,90,93,91,88,405,83,87,85,72,78,359,75,35,90,84,75,84,122,42,42,38,56,10,10,7,14,2189,463,4,4,High,Medium,4,91,83,80,88,44,77
202126,/player/202126/harry-kane/220069/,Harry Kane,27,"188cm / 6'2""",England,Tottenham Hotspur,Premier Le,ST,89,89kg / 196lbs,Right,89,ST,0,"Jul 28, 2010",N/A,€112M,€230K,€212.8M,430,80,94,85,84,87,400,83,82,65,85,85,367,67,69,68,92,71,424,92,79,83,84,86,397,80,44,94,87,92,92,124,50,36,38,54,8,10,14,11,2196,455,5,3,High,High,4,68,92,83,82,47,83
200389,/player/200389/jan-oblak/220069/,Jan Oblak,28,"188cm / 6'2""",Slovenia,Atlético Madrid,La ,GK,91,87kg / 192lbs,Right,89,GK,2,"Jul 16, 2014",N/A,€88M,€100K,€187M,95,13,11,15,43,13,109,12,13,14,40,30,302,43,58,65,87,49,267,59,77,41,78,12,142,34,21,11,65,11,68,57,27,12,18,430,86,90,87,89,1402,479,3,1,Medium,Medium,5,86,90,78,89,49,87
200145,/player/200145/carlos-henrique-venancio-casimiro/220069/,Carlos Henrique Venancio Casimiro,29,"185cm / 6'1""",Brazil,Real Madrid,La ,CDM,89,84kg / 185lbs,Right,89,CDM,0,"Jul 11, 2013",N/A,€88M,€310K,€180.4M,347,58,64,79,84,62,368,69,62,74,84,79,343,60,69,61,87,66,435,88,87,89,90,81,399,91,87,75,80,66,84,260,85,88,87,67,13,14,12,12,2219,463,3,2,Medium,High,3,65,73,76,73,86,90
200104,/player/200104/heung-min-son/220069/,Heung Min Son,28,"183cm / 6'0""",Korea Republic,Tottenham Hotspur,Premier Le,LW,89,78kg / 172lbs,Right,89,LW,0,"Aug 28, 2015",N/A,€104M,€240K,€197.6M,403,83,89,68,84,79,404,87,85,74,74,84,432,85,90,87,91,79,389,88,60,88,64,89,349,62,39,91,84,73,89,114,47,34,33,53,11,13,6,10,2144,455,5,4,High,Medium,4,88,88,82,86,42,69
192119,/player/192119/thibaut-courtois/220069/,Thibaut Courtois,29,"199cm / 6'6""",Belgium,Real Madrid,La ,GK,90,96kg / 212lbs,Left,89,GK,1,"Aug 9, 2018",N/A,€79M,€250K,€167.9M,86,14,14,13,33,12,110,13,19,20,35,23,285,42,52,62,84,45,249,56,68,38,70,17,122,23,15,13,44,27,66,54,20,18,16,421,84,89,86,88,1327,467,3,1,Medium,Medium,4,84,89,74,88,46,86
239818,/player/239818/ruben-santos-gato-alves-dias/220069/,Rúben Santos Gato Alves Dias,24,"187cm / 6'2""",Portugal,Manchester City,Premier Le,CB,91,82kg / 181lbs,Right,90,CB,3,"Sep 29, 2020",N/A,€111.5M,€210K,€214.6M,284,54,29,87,82,32,308,64,46,48,76,74,332,58,69,61,88,56,350,74,78,87,89,22,312,92,85,39,51,45,81,264,90,89,85,47,7,8,7,12,1897,413,4,2,Medium,High,3,64,38,66,68,88,89
239085,/player/239085/erling-haaland/220069/,Erling Haaland,20,"194cm / 6'4""",Norway,Borussia Dortmund,Bundes,ST,94,94kg / 207lbs,Left,90,ST,6,"Jan 1, 2020",N/A,€143.5M,€110K,€272.7M,381,47,94,78,74,88,353,78,77,62,51,85,412,82,93,77,88,72,430,94,74,82,93,87,366,85,43,89,73,76,85,126,44,53,29,52,7,14,11,7,2120,461,3,3,High,Medium,4,88,91,65,81,48,88
230621,/player/230621/gianluigi-donnarumma/220069/,Gianluigi Donnarumma,22,"196cm / 6'5""",Italy,Paris Saint Germain,Lig,GK,92,90kg / 198lbs,Right,88,GK,4,"Jul 15, 2021",N/A,€106M,€110K,€204.1M,80,12,12,12,36,8,118,28,12,14,34,30,292,50,55,64,85,38,255,59,72,34,72,18,154,30,26,14,60,24,65,50,20,14,16,426,90,83,85,89,1375,478,3,1,Medium,Medium,3,90,83,79,89,52,85
210514,/player/210514/joao-pedro-cavaco-cancelo/220069/,João Pedro Cavaco Cancelo,27,"182cm / 6'0""",Portugal,Manchester City,Premier Le,LB,89,74kg / 163lbs,Right,88,LB,1,"Aug 7, 2019",N/A,€96M,€240K,€184.8M,379,88,69,72,88,62,407,85,87,69,79,87,413,86,84,80,85,78,383,80,72,90,62,79,372,73,82,81,84,52,86,245,81,84,80,58,6,9,14,14,2257,481,4,4,High,Medium,3,85,73,85,85,81,72
209658,/player/209658/leon-goretzka/220069/,Leon Goretzka,26,"189cm / 6'2""",Germany,FC Bayern München,Bundes,CM,89,82kg / 181lbs,Right,88,CM,1,"Jul 1, 2018",N/A,€107M,€165K,€184.6M,400,75,82,86,86,71,407,84,76,75,85,87,397,78,82,76,88,73,424,85,79,86,88,86,397,82,86,85,84,60,82,237,74,85,78,56,13,8,11,9,2318,495,4,3,High,Medium,4,80,82,82,84,81,86
207865,/player/207865/marcos-aoas-correa/220069/,Marcos Aoás Corrêa,27,"183cm / 6'0""",Brazil,Paris Saint Germain,Lig,CB,90,75kg / 165lbs,Right,89,CB,2,"Jul 19, 2013",N/A,€97.5M,€160K,€187.7M,334,68,59,88,84,35,323,69,58,32,85,79,386,79,83,69,88,67,363,65,92,83,78,45,368,81,89,70,76,52,86,268,90,89,89,47,6,6,10,13,2089,456,3,3,Medium,High,3,81,56,75,74,89,81
193041,/player/193041/keylor-navas/220069/,Keylor Navas,34,"185cm / 6'1""",Costa Rica,Paris Saint Germain,Lig,GK,88,80kg / 176lbs,Right,88,GK,0,"Sep 2, 2019",N/A,€15.5M,€130K,€28.7M,88,11,15,11,40,11,127,24,21,15,37,30,313,54,53,60,85,61,257,56,74,39,75,13,163,32,22,16,68,25,67,56,28,14,14,424,89,84,87,89,1428,478,3,1,Medium,Medium,3,89,84,75,89,54,87
192448,/player/192448/marc-andre-ter-stegen/220069/,Marc-André ter Stegen,29,"187cm / 6'2""",Germany,FC Barcelona,La ,GK,89,85kg / 187lbs,Right,88,GK,1,"Jul 1, 2014",N/A,€70M,€230K,€148.8M,118,18,14,11,61,14,144,21,18,12,63,30,262,45,50,39,85,43,267,65,79,35,78,10,171,43,22,11,70,25,70,48,25,13,10,433,86,85,85,90,1443,480,4,1,Medium,Medium,4,86,85,87,90,47,85
182521,/player/182521/toni-kroos/220069/,Toni Kroos,31,"183cm / 6'0""",Germany,Real Madrid,La ,CM,88,76kg / 168lbs,Right,88,CM,0,"Jul 17, 2014",N/A,€75M,€310K,€153.8M,398,88,77,58,93,82,431,80,86,84,93,88,331,55,52,63,90,71,354,89,32,75,72,86,379,60,80,76,90,73,88,204,71,73,60,51,10,11,7,10,2148,445,5,3,Medium,Medium,4,53,81,91,81,71,68
177003,/player/177003/luka-modric/220069/,Luka Modrić,35,"172cm / 5'8""",Croatia,Real Madrid,La ,CM,88,66kg / 146lbs,Right,88,CM,0,"Aug 1, 2012",N/A,€36.5M,€230K,€74.8M,380,86,72,55,91,76,428,85,85,78,90,90,417,76,70,91,88,92,369,79,67,83,58,82,392,62,80,78,90,82,92,217,70,75,72,52,13,9,14,9,2255,464,4,4,Medium,Medium,4,73,76,89,88,72,66
231866,/player/231866/rodrigo-hernandez-cascante/220069/,Rodrigo Hernández Cascante,25,"191cm / 6'3""",Spain,Manchester City,Premier Le,CDM,89,82kg / 181lbs,Right,87,CDM,2,"Jul 4, 2019",N/A,€90M,€190K,€173.3M,352,63,64,80,86,59,364,78,65,54,83,84,334,60,62,65,82,65,415,89,72,88,84,82,367,82,83,75,81,46,84,248,84,86,78,49,10,10,14,8,2129,455,4,3,Medium,High,3,61,72,77,78,83,84
231281,/player/231281/trent-alexander-arnold/220069/,Trent Alexander-Arnold,22,"180cm / 5'11""",England,Liverpool,Premier Le,CM,90,69kg / 152lbs,Right,88,CM,3,"Oct 7, 2015",N/A,€102.5M,€150K,€197.3M,373,92,62,69,87,63,427,78,87,85,91,86,389,78,82,73,83,73,378,82,66,89,66,75,380,74,83,78,90,55,82,242,79,83,80,56,14,15,6,7,2245,471,4,3,High,Medium,3,80,69,89,80,80,73
228702,/player/228702/frenkie-de-jong/220069/,Frenkie de Jong,24,"180cm / 5'11""",Netherlands,FC Barcelona,La ,CM,92,74kg / 163lbs,Right,89,CM,5,"Jul 1, 2019",N/A,€119.5M,€210K,€253.9M,383,78,72,72,91,70,412,87,84,64,88,89,416,80,82,87,88,79,373,68,76,89,74,66,372,74,82,77,86,53,90,229,76,76,77,49,7,13,10,9,2234,477,3,4,High,Medium,3,81,69,85,87,77,78
218667,/player/218667/bernardo-mota-carvalho-e-silva/220069/,Bernardo Mota Carvalho e Silva,26,"173cm / 5'8""",Portugal,Manchester City,Premier Le,CAM,88,64kg / 141lbs,Left,87,CAM,1,"Jul 1, 2017",N/A,€94M,€220K,€181M,379,85,78,51,87,78,411,92,85,67,76,91,431,83,77,94,85,92,353,79,51,93,54,76,371,75,60,83,85,68,90,183,59,71,53,54,9,10,12,9,2182,461,3,4,High,High,2,80,78,83,91,61,68
216267,/player/216267/andrew-robertson/220069/,Andrew Robertson,27,"178cm / 5'10""",Scotland,Liverpool,Premier Le,LB,87,64kg / 141lbs,Left,87,LB,0,"Jul 21, 2017",N/A,€77M,€175K,€142.5M,324,88,55,67,82,32,393,81,82,71,76,83,405,83,85,78,85,74,363,76,62,95,65,65,380,85,83,77,80,55,83,248,83,84,81,50,11,8,7,14,2163,465,2,3,High,High,3,84,61,81,81,82,76
212198,/player/212198/bruno-miguel-borges-fernandes/220069/,Bruno Miguel Borges Fernandes,26,"179cm / 5'10""",Portugal,Manchester United,Premier Le,CAM,88,69kg / 152lbs,Right,87,CAM,1,"Jan 30, 2020",N/A,€94M,€210K,€181M,407,85,83,64,88,87,425,80,87,85,88,85,401,77,73,81,91,79,406,88,73,91,66,88,411,80,64,86,91,90,80,204,66,73,65,63,12,14,8,14,2317,473,3,4,High,High,3,75,86,88,82,67,75
211110,/player/211110/paulo-dybala/220069/,Paulo Dybala,27,"177cm / 5'10""",Argentina,Juventus,Ser,CF,87,75kg / 165lbs,Left,87,CF,0,"Jul 1, 2015",N/A,€86.5M,€160K,€147.1M,400,82,84,59,87,88,439,90,89,88,79,93,421,84,76,88,80,93,376,84,74,69,60,89,342,43,42,82,91,84,79,112,32,41,39,26,5,4,5,8,2116,441,3,4,High,Low,3,80,85,86,90,40,60
209499,/player/209499/fabio-henrique-tavares/220069/,Fábio Henrique Tavares,27,"188cm / 6'2""",Brazil,Liverpool,Premier Le,CDM,88,78kg / 172lbs,Right,87,CDM,1,"Jul 1, 2018",N/A,€81.5M,€175K,€156.9M,344,75,63,75,84,47,365,78,71,53,82,81,347,65,68,64,86,64,395,81,75,88,81,70,409,85,88,70,76,90,85,260,86,88,86,47,13,12,8,8,2167,461,2,3,Medium,High,3,67,69,78,78,86,83
202652,/player/202652/raheem-sterling/220069/,Raheem Sterling,26,"170cm / 5'7""",England,Manchester City,Premier Le,LW,87,69kg / 152lbs,Right,87,LW,0,"Jul 14, 2015",N/A,€87M,€240K,€161M,357,79,82,46,83,67,392,87,79,72,69,85,460,95,88,94,90,93,359,78,57,79,65,80,332,59,30,91,82,70,77,147,47,53,47,63,15,12,15,9,2110,449,3,4,High,Medium,4,91,80,79,87,45,67
199556,/player/199556/marco-verratti/220069/,Marco Verratti,28,"165cm / 5'5""",Italy,Paris Saint Germain,Lig,CM,87,60kg / 132lbs,Right,87,CM,0,"Jul 18, 2012",N/A,€79.5M,€155K,€147.1M,353,82,60,57,90,64,421,91,85,64,89,92,400,68,60,91,87,94,315,60,67,76,54,58,405,89,85,78,89,64,94,244,78,82,84,64,12,12,15,10,2202,449,4,4,Medium,High,3,64,61,87,91,79,67
193080,/player/193080/david-de-gea-quintana/220069/,David De Gea Quintana,30,"192cm / 6'4""",Spain,Manchester United,Premier Le,GK,87,76kg / 168lbs,Right,87,GK,0,"Jul 1, 2011",N/A,€53M,€150K,€98.1M,112,17,13,21,48,13,139,18,21,19,43,38,310,57,58,63,89,43,234,57,67,43,55,12,167,38,30,12,58,29,60,59,25,21,13,417,88,80,84,89,1438,474,3,1,Medium,Medium,4,88,80,76,89,57,84
189596,/player/189596/thomas-muller/220069/,Thomas Müller,31,"185cm / 6'1""",Germany,FC Bayern München,Bundes,CAM,87,76kg / 168lbs,Right,87,CAM,0,"Aug 10, 2008",N/A,€66M,€140K,€108.9M,423,85,88,81,85,84,380,77,81,59,79,84,371,66,68,72,94,71,389,78,77,86,66,82,372,62,58,96,86,70,84,150,47,57,46,52,6,7,14,14,2137,441,4,3,High,High,4,67,84,83,80,56,71
167948,/player/167948/hugo-lloris/220069/,Hugo Lloris,34,"188cm / 6'2""",France,Tottenham Hotspur,Premier Le,GK,87,82kg / 181lbs,Left,87,GK,0,"Aug 31, 2012",N/A,€13.5M,€125K,€25.7M,90,13,10,9,43,15,108,12,12,10,45,29,317,61,62,54,84,56,221,49,74,41,43,14,156,31,25,9,51,40,59,54,24,12,18,408,88,83,84,88,1354,469,1,1,Medium,Medium,4,88,83,65,88,61,84
234642,/player/234642/edouard-mendy/220069/,Édouard Mendy,29,"197cm / 6'6""",Senegal,Chelsea,Premier Le,GK,87,86kg / 190lbs,Right,86,GK,1,"Sep 24, 2020",N/A,€52M,€140K,€100.1M,78,10,5,10,44,9,117,13,13,14,46,31,238,36,33,50,86,33,218,61,39,37,72,9,104,22,13,6,50,13,58,34,10,11,13,422,85,83,85,88,1211,457,2,1,Medium,Medium,2,85,83,81,88,35,85
232411,/player/232411/christopher-nkunku/220069/,Christopher Nkunku,23,"175cm / 5'9""",France,RB Leipzig,Bundes,CAM,89,73kg / 161lbs,Right,88,CAM,3,"Jul 18, 2019",N/A,€93M,€110K,€165.1M,384,81,85,63,85,70,416,87,82,80,80,87,440,87,91,88,84,90,354,79,59,74,64,78,363,59,67,86,84,67,81,199,67,72,60,43,5,6,15,7,2199,472,3,4,High,Medium,3,89,81,83,87,67,65
232363,/player/232363/milan-skriniar/220069/,Milan Škriniar,26,"188cm / 6'2""",Slovakia,Inter,Ser,CB,87,80kg / 176lbs,Right,86,CB,1,"Jul 7, 2017",N/A,€70M,€150K,€124.3M,273,40,42,81,70,40,266,67,34,30,63,72,358,76,84,54,88,56,335,50,84,82,89,30,300,82,86,30,46,56,87,261,91,90,80,55,10,13,8,12,1848,418,3,2,Low,High,3,80,41,54,69,88,86
222492,/player/222492/leroy-sane/220069/,Leroy Sané,25,"183cm / 6'0""",Germany,FC Bayern München,Bundes,LM,87,80kg / 176lbs,Left,86,LM,1,"Jul 15, 2020",N/A,€81M,€120K,€139.7M,406,83,83,72,82,86,411,87,84,85,70,85,431,91,89,87,83,81,375,87,64,71,70,83,337,63,34,86,83,71,82,103,36,32,35,52,8,12,9,14,2115,448,2,4,Medium,Medium,3,90,84,81,86,38,69
212218,/player/212218/aymeric-laporte/220069/,Aymeric Laporte,27,"191cm / 6'3""",Spain,Manchester City,Premier Le,CB,88,85kg / 187lbs,Left,87,CB,2,"Jan 30, 2018",N/A,€72.5M,€185K,€139.6M,310,58,45,84,83,40,352,63,61,69,81,78,330,59,67,57,87,60,351,68,80,72,84,47,331,81,87,54,65,44,84,259,86,87,86,45,10,11,14,5,1978,420,3,2,Medium,Medium,3,63,50,72,69,86,80
208830,/player/208830/jamie-vardy/220069/,Jamie Vardy,34,"179cm / 5'10""",England,Leicester City,Premier Le,ST,86,74kg / 163lbs,Right,86,ST,0,"May 1, 2012",N/A,€33M,€180K,€62.7M,394,69,89,78,74,84,351,78,69,61,60,83,411,85,85,76,90,75,377,87,80,76,66,68,384,86,49,90,74,85,86,151,45,52,54,62,15,14,15,11,2130,444,4,3,High,Medium,3,85,84,70,80,52,73
208093,/player/208093/gerard-moreno-balaguero/220069/,Gerard Moreno Balagueró,29,"180cm / 5'11""",Spain,Villarreal,La ,ST,86,77kg / 170lbs,Left,86,ST,0,"Jul 2, 2018",N/A,€68M,€73K,€142.8M,410,77,89,82,81,81,383,86,75,62,75,85,394,80,78,77,89,70,396,83,76,79,75,83,353,61,42,87,78,85,78,126,44,41,41,56,15,12,12,10,2118,445,4,3,High,Medium,2,79,86,77,84,46,73
205452,/player/205452/antonio-rudiger/220069/,Antonio Rüdiger,28,"190cm / 6'3""",Germany,Chelsea,Premier Le,CB,87,85kg / 187lbs,Right,87,CB,1,"Jul 9, 2017",N/A,€64.5M,€170K,€124.2M,304,68,40,82,80,34,312,64,42,56,78,72,350,72,87,56,85,50,389,77,84,71,90,67,327,92,85,49,61,40,78,259,88,87,84,59,14,15,12,8,2000,441,3,2,High,High,2,80,53,70,67,86,85
204485,/player/204485/riyad-mahrez/220069/,Riyad Mahrez,30,"179cm / 5'10""",Algeria,Manchester City,Premier Le,RW,86,67kg / 148lbs,Left,86,RW,0,"Jul 10, 2018",N/A,€65.5M,€220K,€121.2M,380,81,84,56,83,76,419,91,85,78,75,90,426,84,79,92,83,88,355,84,56,75,57,83,333,48,39,83,83,80,83,98,45,31,22,54,15,9,11,6,2065,433,4,5,Medium,Medium,3,81,83,81,90,38,60
201024,/player/201024/kalidou-koulibaly/220069/,Kalidou Koulibaly,30,"187cm / 6'2""",Senegal,Napoli,Ser,CB,86,89kg / 196lbs,Right,86,CB,0,"Jul 1, 2014",N/A,€55.5M,€105K,€94.4M,213,30,22,84,63,14,253,69,28,28,64,64,333,74,91,51,83,34,316,55,82,70,94,15,288,83,85,35,52,33,81,265,90,89,86,43,7,11,13,5,1711,400,3,2,Medium,High,3,83,28,51,65,88,85
195864,/player/195864/paul-pogba/220069/,Paul Pogba,28,"191cm / 6'3""",France,Manchester United,Premier Le,CM,86,84kg / 185lbs,Right,86,CM,0,"Aug 9, 2016",N/A,€68M,€200K,€125.8M,395,75,75,74,87,84,437,89,85,82,92,89,352,61,75,71,80,65,414,90,82,69,89,84,389,79,62,78,90,80,88,186,56,67,63,20,5,6,4,3,2193,467,4,5,Medium,Low,4,69,81,86,86,63,82
192505,/player/192505/romelu-lukaku/220069/,Romelu Lukaku,28,"191cm / 6'3""",Belgium,Chelsea,Premier Le,ST,86,94kg / 207lbs,Left,86,ST,0,"Aug 12, 2021",N/A,€69.5M,€200K,€128.6M,404,73,89,87,77,78,373,82,78,66,70,77,360,76,86,60,86,52,398,87,75,67,95,74,347,71,27,86,75,88,82,101,30,41,30,54,8,15,7,10,2037,438,4,3,Medium,Low,4,82,85,74,77,38,82
192387,/player/192387/ciro-immobile/220069/,Ciro Immobile,31,"185cm / 6'1""",Italy,Lazio,Ser,ST,86,85kg / 187lbs,Right,86,ST,0,"Jul 27, 2016",N/A,€57.5M,€115K,€97.8M,391,55,91,81,79,85,334,79,70,51,53,81,417,84,86,75,87,85,400,86,82,78,74,80,362,73,40,90,71,88,76,99,34,33,32,47,6,8,12,6,2050,433,4,3,High,Medium,4,85,87,67,80,39,75
189513,/player/189513/daniel-parejo-munoz/220069/,Daniel Parejo Muñoz,32,"182cm / 6'0""",Spain,Villarreal,La ,CM,86,74kg / 163lbs,Right,86,CM,0,"Aug 12, 2020",N/A,€53.5M,€64K,€112.4M,394,86,83,61,92,72,436,82,88,90,90,86,316,52,49,63,80,72,366,81,49,78,70,88,398,58,81,82,89,88,85,209,70,70,69,48,5,9,14,8,2167,444,4,3,Medium,Medium,2,50,83,90,81,71,69
189509,/player/189509/thiago-alcantara/220069/,Thiago Alcântara,30,"174cm / 5'9""",Spain,Liverpool,Premier Le,CM,86,70kg / 154lbs,Right,86,CM,0,"Sep 18, 2020",N/A,€65M,€180K,€120.3M,373,78,68,54,91,82,432,89,85,77,89,92,390,72,55,89,84,90,366,75,82,76,60,73,398,78,82,75,88,75,90,216,68,74,74,46,6,11,9,13,2221,453,3,5,Medium,Medium,3,63,72,87,90,72,69
186153,/player/186153/wojciech-szczesny/220069/,Wojciech Szczęsny,31,"195cm / 6'5""",Poland,Juventus,Ser,GK,86,90kg / 198lbs,Right,86,GK,0,"Jul 19, 2017",N/A,€36M,€100K,€61.2M,86,12,12,16,32,14,99,11,16,14,36,22,286,51,47,55,82,51,250,55,71,45,65,14,135,40,15,14,48,18,65,45,20,13,12,413,86,81,86,87,1314,462,3,1,Medium,Medium,3,86,81,73,87,49,86
176580,/player/176580/luis-suarez/220069/,Luis Suárez,34,"182cm / 6'0""",Uruguay,Atlético Madrid,La ,ST,86,86kg / 190lbs,Right,86,ST,0,"Sep 25, 2020",N/A,€33M,€105K,€67.7M,423,78,90,85,80,90,408,81,86,82,76,83,380,74,68,71,89,78,402,89,69,73,84,87,384,87,41,91,82,83,87,125,42,45,38,153,27,25,33,37,2275,449,4,3,High,Medium,5,71,89,80,81,47,81
164240,/player/164240/thiago-emiliano-da-silva/220069/,Thiago Emiliano da Silva,36,"183cm / 6'0""",Brazil,Chelsea,Premier Le,CB,86,79kg / 174lbs,Right,86,CB,0,"Aug 28, 2020",N/A,€12M,€115K,€22.2M,324,60,40,82,81,61,351,67,62,61,82,79,322,52,54,67,83,66,374,71,88,68,82,65,355,76,89,59,71,60,86,258,88,86,84,45,9,12,9,10,2029,417,3,2,Medium,High,4,53,54,73,72,87,78
235243,/player/235243/matthijs-de-ligt/220069/,Matthijs de Ligt,21,"189cm / 6'2""",Netherlands,Juventus,Ser,CB,89,89kg / 196lbs,Right,87,CB,4,"Jul 18, 2019",N/A,€71M,€81K,€126M,307,52,50,85,75,45,308,65,48,55,67,73,356,71,79,60,84,62,409,82,93,75,93,66,293,83,81,44,45,40,82,255,84,86,85,56,12,11,12,10,1984,435,3,2,Medium,High,3,75,59,61,69,84,87
235212,/player/235212/achraf-hakimi/220069/,Achraf Hakimi,22,"181cm / 5'11""",Morocco,Paris Saint Germain,Lig,RB,89,73kg / 161lbs,Right,85,RB,4,"Jul 6, 2021",N/A,€73M,€100K,€140.5M,384,86,75,68,81,74,387,80,77,74,73,83,435,93,95,84,84,79,400,80,80,93,74,73,370,75,78,79,78,60,83,228,75,77,76,46,10,8,6,8,2250,486,4,4,High,Medium,2,94,75,80,82,76,79
233049,/player/233049/jadon-sancho/220069/,Jadon Sancho,21,"180cm / 5'11""",England,Manchester United,Premier Le,CAM,89,76kg / 168lbs,Right,87,CAM,4,"Jul 23, 2021",N/A,€78.5M,€145K,€151.1M,366,80,79,38,86,83,398,91,84,65,70,88,425,85,78,91,81,90,322,71,51,71,64,65,323,44,39,81,85,74,85,103,32,39,32,52,7,11,11,13,1989,423,3,5,High,Medium,3,81,75,81,89,36,61
231478,/player/231478/lautaro-martinez/220069/,Lautaro Martínez,23,"174cm / 5'9""",Argentina,Inter,Ser,ST,89,72kg / 159lbs,Right,87,ST,4,"Jul 5, 2018",N/A,€78M,€145K,€138.5M,393,56,87,84,76,90,362,83,78,43,73,85,429,86,80,86,88,89,406,80,88,80,84,74,373,90,45,84,80,74,86,130,55,31,44,48,11,8,8,13,2141,453,4,4,High,Medium,3,83,82,71,85,48,84
230142,/player/230142/mikel-oyarzabal-ugarte/220069/,Mikel Oyarzabal Ugarte,24,"181cm / 5'11""",Spain,Real Sociedad,La ,LW,88,79kg / 174lbs,Left,85,LW,3,"Jul 1, 2014",N/A,€73.5M,€57K,€159.9M,384,83,84,60,83,74,396,85,77,76,73,85,408,83,81,83,81,80,372,80,72,82,57,81,335,52,29,85,85,84,83,117,55,32,30,50,10,6,13,11,2062,433,3,3,High,Medium,2,82,82,81,84,41,63
226161,/player/226161/marcos-llorente-moreno/220069/,Marcos Llorente Moreno,26,"184cm / 6'0""",Spain,Atlético Madrid,La ,CM,86,74kg / 163lbs,Right,85,CM,1,"Jul 1, 2019",N/A,€63M,€89K,€133.9M,372,74,81,67,86,64,381,82,74,60,81,84,410,85,90,82,85,68,398,84,69,89,78,78,398,83,81,85,85,64,83,232,79,79,74,51,13,6,11,15,2242,490,4,3,High,Medium,3,88,80,81,82,78,81
224458,/player/224458/diogo-jose-teixeira-da-silva/220069/,Diogo José Teixeira da Silva,24,"178cm / 5'10""",Portugal,Liverpool,Premier Le,ST,89,73kg / 161lbs,Right,86,ST,4,"Sep 19, 2020",N/A,€78M,€155K,€150.2M,399,73,86,84,77,79,376,85,77,58,72,84,430,88,82,87,87,86,396,85,81,83,72,75,376,85,56,89,77,69,80,155,53,57,45,54,7,12,9,11,2186,463,5,4,High,High,2,85,83,75,85,57,78
224232,/player/224232/nicolo-barella/220069/,Nicolò Barella,24,"172cm / 5'8""",Italy,Inter,Ser,CM,88,68kg / 150lbs,Right,87,CM,3,"Sep 1, 2020",N/A,€73M,€130K,€129.6M,369,79,73,53,84,80,397,80,79,67,84,87,427,81,78,90,88,90,401,77,78,94,73,79,405,84,83,81,84,73,86,238,79,78,81,54,11,5,14,11,2291,479,3,3,High,High,3,79,76,82,84,77,81
223848,/player/223848/sergej-milinkovic-savic/220069/,Sergej Milinković-Savić,26,"191cm / 6'3""",Serbia,Lazio,Ser,CM,86,76kg / 168lbs,Right,85,CM,1,"Aug 6, 2015",N/A,€63M,€100K,€111.8M,389,64,80,86,85,74,413,84,80,78,85,86,344,66,70,62,83,63,426,83,85,91,87,80,374,79,78,79,82,56,84,231,78,79,74,47,7,10,16,7,2224,473,5,4,High,Medium,3,68,79,80,81,79,86
216594,/player/216594/nabil-fekir/220069/,Nabil Fekir,27,"173cm / 5'8""",France,Real Betis,La ,CAM,85,75kg / 165lbs,Left,85,CAM,0,"Jul 23, 2019",N/A,€57.5M,€46K,€120.8M,374,81,83,49,84,77,415,88,83,79,78,87,424,88,79,85,81,91,393,84,64,80,81,84,353,79,34,82,84,74,89,106,34,42,30,61,15,9,14,15,2126,453,4,4,High,Medium,3,83,83,82,87,38,80
215698,/player/215698/mike-maignan/220069/,Mike Maignan,25,"191cm / 6'3""",France,Milan,Ser,GK,90,89kg / 196lbs,Right,85,GK,5,"Jul 1, 2021",N/A,€63M,€49K,€111.8M,121,18,15,17,55,16,162,32,28,16,46,40,284,50,53,41,84,56,275,64,74,39,78,20,146,30,25,15,61,15,66,58,23,16,19,423,84,82,84,88,1469,474,4,1,Medium,Medium,2,84,82,85,88,51,84
213345,/player/213345/kingsley-coman/220069/,Kingsley Coman,25,"180cm / 5'11""",France,FC Bayern München,Bundes,LM,86,76kg / 168lbs,Right,85,LM,1,"Aug 30, 2015",N/A,€64.5M,€110K,€111.3M,372,79,75,61,79,78,402,88,83,70,74,87,445,94,91,91,85,84,362,83,73,69,64,73,293,35,23,84,81,70,78,77,29,27,21,21,5,3,3,5,1972,424,3,4,Medium,Medium,4,92,77,78,87,30,60
206113,/player/206113/serge-gnabry/220069/,Serge Gnabry,25,"176cm / 5'9""",Germany,FC Bayern München,Bundes,RM,85,77kg / 170lbs,Right,85,RM,0,"Jul 1, 2017",N/A,€60M,€110K,€99M,371,78,86,42,82,83,383,88,74,62,77,82,416,84,75,86,83,88,381,87,65,78,69,82,337,63,38,86,82,68,82,132,45,44,43,50,14,10,9,7,2070,440,4,4,High,Medium,4,79,84,79,85,43,70
205498,/player/205498/luiz-frello-filho-jorge/220069/,Luiz Frello Filho Jorge,29,"180cm / 5'11""",Italy,Chelsea,Premier Le,CM,85,68kg / 150lbs,Right,85,CM,0,"Jul 16, 2018",N/A,€52.5M,€170K,€97.1M,358,75,64,56,92,71,406,79,75,76,89,87,342,61,50,77,82,72,344,71,58,87,66,62,406,79,81,69,88,89,84,219,67,81,71,56,14,7,14,8,2131,435,3,3,Medium,Medium,2,55,67,86,81,73,73
202556,/player/202556/memphis-depay/220069/,Memphis Depay,27,"176cm / 5'9""",Netherlands,FC Barcelona,La ,CF,85,78kg / 172lbs,Right,85,CF,0,"Jul 1, 2021",N/A,€58.5M,€220K,€119.9M,388,84,84,65,81,74,418,87,85,83,76,87,411,82,84,80,84,81,401,87,69,79,83,83,346,72,28,85,85,76,80,74,23,31,20,50,8,14,12,10,2088,444,3,5,High,Low,3,83,84,82,86,30,79
201942,/player/201942/roberto-firmino-barbosa-de-oliveira/220069/,Roberto Firmino Barbosa de Oliveira,29,"181cm / 5'11""",Brazil,Liverpool,Premier Le,CF,85,76kg / 168lbs,Right,85,CF,0,"Jul 6, 2015",N/A,€54M,€185K,€99.9M,393,73,78,78,84,80,397,87,81,65,76,88,409,77,75,85,86,86,397,79,81,87,74,76,370,75,58,82,83,72,88,161,55,64,42,44,8,11,6,10,2171,457,4,5,High,High,3,76,78,79,87,59,78
201535,/player/201535/raphael-varane/220069/,Raphaël Varane,28,"191cm / 6'3""",France,Manchester United,Premier Le,CB,86,81kg / 179lbs,Right,85,CB,1,"Jul 27, 2021",N/A,€51M,€170K,€98.2M,294,42,46,86,78,42,308,59,46,52,75,76,347,79,85,62,82,39,342,52,80,70,87,53,320,78,85,55,59,43,82,257,85,87,85,50,11,11,5,14,1918,428,3,2,Medium,High,3,82,49,64,66,86,81
197445,/player/197445/david-alaba/220069/,David Alaba,29,"180cm / 5'11""",Austria,Real Madrid,La ,CB,85,78kg / 172lbs,Left,85,CB,0,"Jul 1, 2021",N/A,€45M,€210K,€92.3M,375,83,63,75,87,67,404,77,77,85,80,85,399,79,79,76,88,77,393,82,81,74,78,78,391,75,86,73,78,79,85,254,87,84,83,50,5,7,15,9,2266,474,4,3,Medium,Medium,4,79,71,83,80,84,77
194765,/player/194765/antoine-griezmann/220069/,Antoine Griezmann,30,"176cm / 5'9""",France,Atlético Madrid,La ,CAM,85,73kg / 161lbs,Left,86,CAM,0,"Jul 12, 2019","Jun 30, 2023",€53M,€220K,€0,420,83,84,83,84,86,427,85,86,85,82,89,423,79,80,92,89,83,404,82,90,86,63,83,375,73,49,89,85,79,90,146,43,54,49,63,14,8,13,14,2258,459,3,4,Medium,Medium,4,80,84,84,87,52,72
193747,/player/193747/jorge-resurreccion/220069/,Jorge Resurrección,29,"176cm / 5'9""",Spain,Atlético Madrid,La ,CM,85,77kg / 170lbs,Right,85,CM,0,"Jan 1, 2011",N/A,€52.5M,€90K,€107.6M,357,85,69,61,86,56,408,80,85,76,84,83,383,72,69,73,88,81,385,82,59,92,75,77,394,79,83,81,84,67,86,233,82,81,70,54,14,12,10,13,2214,467,4,3,Medium,Medium,3,70,73,85,81,79,79
192984,/player/192984/koen-casteels/220069/,Koen Casteels,29,"197cm / 6'6""",Belgium,VfL Wolfsburg,Bundes,GK,86,86kg / 190lbs,Left,85,GK,1,"Jan 21, 2015",N/A,€41.5M,€81K,€73.7M,92,15,15,14,35,13,107,14,20,13,37,23,264,44,46,50,81,43,251,59,58,44,72,18,126,33,16,15,42,20,40,47,11,19,17,415,84,82,84,86,1302,460,2,1,Medium,Medium,3,84,82,79,86,45,84
188567,/player/188567/pierre-emerick-aubameyang/220069/,Pierre-Emerick Aubameyang,32,"187cm / 6'2""",Gabon,FC Barcelona,La ,ST,85,80kg / 176lbs,Right,85,ST,0,"Jan 31, 2022",N/A,€43.5M,€220K,€89.2M,395,72,87,76,78,82,379,78,80,76,64,81,401,85,88,77,84,67,384,82,75,74,74,79,335,43,48,88,74,82,83,85,20,29,36,48,6,9,9,9,2027,428,4,4,High,Low,3,87,84,74,79,36,68
188377,/player/188377/kyle-walker/220069/,Kyle Walker,31,"183cm / 6'0""",England,Manchester City,Premier Le,RB,85,83kg / 183lbs,Right,85,RB,0,"Jul 14, 2017",N/A,€39M,€170K,€72.2M,339,77,51,74,80,57,388,79,76,71,81,81,402,88,94,66,85,69,404,86,83,86,80,69,364,84,80,68,69,63,75,243,76,84,83,57,12,6,15,8,2197,471,2,3,High,High,3,91,63,77,78,80,82
188350,/player/188350/marco-reus/220069/,Marco Reus,32,"180cm / 5'11""",Germany,Borussia Dortmund,Bundes,CAM,85,71kg / 157lbs,Right,85,CAM,0,"Jul 1, 2012",N/A,€43M,€95K,€73.1M,384,84,84,44,85,87,423,85,88,85,79,86,396,76,69,83,86,82,373,86,68,72,66,81,348,51,48,84,86,79,86,159,53,47,59,61,12,12,13,11,2144,440,4,4,High,Medium,4,72,84,84,85,50,65
186942,/player/186942/ilkay-gundogan/220069/,İlkay Gündoğan,30,"180cm / 5'11""",Germany,Manchester City,Premier Le,CM,85,80kg / 176lbs,Right,85,CM,0,"Jul 1, 2016",N/A,€51.5M,€185K,€95.3M,372,78,81,50,88,75,426,86,86,80,85,89,371,66,65,77,86,77,368,79,61,74,73,81,397,70,78,83,86,80,87,218,76,75,67,48,11,14,5,13,2200,461,4,4,High,Medium,3,65,80,85,86,73,72
185122,/player/185122/peter-gulacsi/220069/,Péter Gulácsi,31,"191cm / 6'3""",Hungary,RB Leipzig,Bundes,GK,85,86kg / 190lbs,Right,85,GK,0,"Jul 1, 2015",N/A,€28.5M,€87K,€48.5M,94,16,10,23,35,10,104,19,18,11,31,25,250,42,44,41,81,42,247,57,67,37,74,12,136,34,23,11,44,24,45,61,25,16,20,413,85,84,83,85,1305,456,2,1,Medium,Medium,3,85,84,76,85,43,83
184344,/player/184344/leonardo-bonucci/220069/,Leonardo Bonucci,34,"190cm / 6'3""",Italy,Juventus,Ser,CB,85,85kg / 187lbs,Right,85,CB,0,"Aug 2, 2018",N/A,€17.5M,€110K,€29.8M,314,44,48,83,81,58,345,69,56,60,81,79,316,55,67,59,82,53,380,74,90,65,86,65,350,81,86,38,71,74,86,251,87,84,80,13,2,2,2,4,1969,426,4,2,Medium,High,3,62,58,69,72,85,80
183898,/player/183898/angel-di-maria/220069/,Ángel Di María,33,"180cm / 5'11""",Argentina,Paris Saint Germain,Lig,RW,85,69kg / 152lbs,Left,85,RW,0,"Aug 6, 2015",N/A,€33.5M,€135K,€62M,375,86,77,51,83,78,435,88,91,88,81,87,414,81,81,93,83,76,376,83,71,75,62,85,359,73,42,83,88,73,86,148,41,55,52,51,10,7,12,11,2158,449,2,5,High,Medium,4,81,80,85,87,48,68
177683,/player/177683/yann-sommer/220069/,Yann Sommer,32,"183cm / 6'0""",Switzerland,Borussia Mönchengladbach,Bundes,GK,85,79kg / 174lbs,Right,85,GK,0,"Jul 1, 2014",N/A,€26.5M,€40K,€45.1M,84,13,13,10,40,8,96,15,12,13,31,25,297,48,54,55,82,58,260,62,73,45,68,12,162,38,21,15,64,24,57,40,9,19,12,415,79,81,86,87,1354,465,4,1,Medium,Medium,3,79,81,82,87,50,86
162835,/player/162835/samir-handanovic/220069/,Samir Handanovič,36,"193cm / 6'4""",Slovenia,Inter,Ser,GK,85,92kg / 203lbs,Right,85,GK,0,"Jul 1, 2012",N/A,€6M,€72K,€10.2M,86,12,10,10,42,12,113,18,20,14,40,21,257,45,50,47,79,36,256,49,78,41,69,19,123,25,22,12,41,23,69,48,25,10,13,403,81,81,90,86,1286,450,3,1,Medium,Medium,3,81,81,65,86,47,90
155862,/player/155862/sergio-ramos-garcia/220069/,Sergio Ramos García,35,"184cm / 6'0""",Spain,Paris Saint Germain,Lig,CB,85,82kg / 181lbs,Right,85,CB,0,"Jul 8, 2021",N/A,€14.5M,€82K,€26.8M,366,63,65,90,79,69,372,65,72,75,81,79,352,71,62,67,86,66,381,79,91,65,82,64,407,90,85,71,71,90,86,251,84,83,84,46,11,8,7,11,2175,446,3,3,High,Medium,4,66,69,74,72,85,80
138956,/player/138956/giorgio-chiellini/220069/,Giorgio Chiellini,36,"187cm / 6'2""",Italy,Los Angeles FC,Major League So,CB,85,85kg / 187lbs,Left,85,CB,0,"Jul 7, 2022",N/A,€9.5M,€12K,€14.3M,283,63,33,77,65,45,271,57,60,31,66,57,321,66,65,53,80,57,373,78,90,65,91,49,303,87,88,28,50,50,83,265,91,88,86,15,3,3,4,3,1831,402,3,2,Medium,High,4,65,46,60,59,88,84
251854,/player/251854/pedro-gonzalez-lopez/220069/,Pedro González López,18,"174cm / 5'9""",Spain,FC Barcelona,La ,CM,92,61kg / 134lbs,Right,86,CM,8,"Aug 4, 2020",N/A,€88.5M,€66K,€199.1M,329,68,68,50,87,56,401,87,79,62,85,88,419,81,76,88,85,89,345,66,65,87,60,67,352,62,72,77,88,53,87,204,68,73,63,46,12,7,8,8,2096,448,4,4,High,High,2,78,67,81,87,68,67
241084,/player/241084/luis-diaz/220069/,Luis Díaz,24,"180cm / 5'11""",Colombia,Liverpool,Premier Le,RM,87,73kg / 161lbs,Right,85,RM,3,"Jan 31, 2022",N/A,€57.5M,€145K,€110.7M,368,76,80,62,76,74,375,89,75,53,71,87,430,92,92,88,83,75,392,84,73,84,69,82,316,70,25,81,77,63,83,100,28,38,34,64,10,13,14,14,2045,440,4,4,High,Medium,1,92,80,74,87,34,73
238794,/player/238794/vinicius-jose-de-oliveira-junior/220069/,Vinícius José de Oliveira Júnior,20,"176cm / 5'9""",Brazil,Real Madrid,La ,RM,91,73kg / 161lbs,Right,85,RM,7,"Jul 12, 2018",N/A,€83.5M,€165K,€187.9M,350,71,82,50,75,72,390,92,77,62,71,88,446,95,95,94,81,81,369,76,75,84,62,72,304,58,26,80,75,65,79,75,32,25,18,36,5,7,7,10,1970,430,4,5,High,Medium,2,95,77,73,89,29,67
237692,/player/237692/phil-foden/220069/,Phil Foden,21,"171cm / 5'7""",England,Manchester City,Premier Le,CAM,92,69kg / 152lbs,Left,87,CAM,8,"Jul 1, 2016",N/A,€94.5M,€140K,€193.7M,345,75,79,47,85,59,390,87,73,63,78,89,433,86,82,91,83,91,335,82,49,80,47,77,354,64,59,82,85,64,84,164,58,59,47,52,8,15,10,13,2073,445,3,4,High,Medium,3,84,78,80,88,56,59
235805,/player/235805/federico-chiesa/220069/,Federico Chiesa,23,"175cm / 5'9""",Italy,Juventus,Ser,RM,90,70kg / 154lbs,Right,86,RM,6,"Jul 1, 2016","Jun 1, 2022",€66.5M,€81K,€0,363,75,80,50,78,80,373,89,78,52,72,82,437,91,91,88,86,81,379,86,53,85,71,84,322,69,30,84,77,62,81,153,65,44,44,37,6,7,9,7,2064,454,4,4,High,Medium,3,91,81,75,86,48,73
235790,/player/235790/kai-havertz/220069/,Kai Havertz,22,"189cm / 6'2""",Germany,Chelsea,Premier Le,CAM,91,82kg / 181lbs,Left,86,CAM,7,"Sep 4, 2020",N/A,€85.5M,€130K,€175.3M,399,74,81,80,84,80,386,86,84,53,78,85,399,77,86,78,83,75,372,74,75,77,69,77,316,42,38,82,81,73,84,123,39,46,38,47,6,8,10,12,2042,434,4,4,Medium,Medium,3,82,78,79,84,45,66
234396,/player/234396/alphonso-davies/220069/,Alphonso Davies,20,"183cm / 6'0""",Canada,FC Bayern München,Bundes,LB,89,75kg / 165lbs,Left,85,LB,5,"Jan 1, 2019",N/A,€58.5M,€70K,€100.9M,358,84,64,69,82,59,354,87,72,44,67,84,445,96,95,86,84,84,372,74,78,82,75,63,368,77,79,77,75,60,78,226,74,78,74,47,11,11,5,14,2170,475,4,4,High,Low,3,95,66,76,85,76,77
232656,/player/232656/theo-hernandez/220069/,Theo Hernández,23,"184cm / 6'0""",France,Milan,Ser,LB,89,81kg / 179lbs,Left,85,LB,5,"Jul 5, 2019",N/A,€59.5M,€51K,€105.6M,372,84,69,74,79,66,363,83,69,64,68,79,424,92,94,78,84,76,394,83,68,90,81,72,363,82,78,80,73,50,80,235,74,81,80,43,12,10,7,7,2194,483,3,3,High,Medium,3,93,72,76,81,78,83
230938,/player/230938/franck-yannick-kessie/220069/,Franck Yannick Kessié,24,"183cm / 6'0""",Côte d'Ivoire,Milan,Ser,CDM,86,88kg / 194lbs,Right,85,CDM,2,"Jul 1, 2019",N/A,€49.5M,€51K,€87.9M,350,66,73,68,83,60,346,78,61,48,75,84,386,77,79,70,81,79,413,84,72,93,86,78,406,84,84,74,76,88,84,247,85,84,78,54,9,11,12,10,2202,477,4,3,High,High,3,78,76,74,80,82,87
226790,/player/226790/wilfred-ndidi/220069/,Wilfred Ndidi,24,"183cm / 6'0""",Nigeria,Leicester City,Premier Le,CB,86,74kg / 163lbs,Right,85,CB,2,"Jan 5, 2017",N/A,€49.5M,€110K,€97.8M,319,53,50,70,78,68,344,72,60,60,75,77,356,65,69,69,87,66,405,80,89,89,78,69,359,88,88,64,62,57,80,258,86,88,84,54,13,14,7,13,2095,439,4,3,Medium,High,1,67,62,68,74,85,83
224334,/player/224334/marcos-acuna/220069/,Marcos Acuña,29,"172cm / 5'8""",Argentina,Sevilla,La ,LB,84,69kg / 152lbs,Left,84,LB,0,"Sep 14, 2020",N/A,€37M,€45K,€77.7M,361,87,66,58,82,68,416,87,88,75,78,88,409,77,76,83,83,90,396,82,63,90,80,81,402,84,79,81,82,76,87,246,80,84,82,62,8,14,13,14,2292,480,3,4,High,High,2,76,74,82,87,79,82
220814,/player/220814/lucas-hernandez/220069/,Lucas Hernández,25,"184cm / 6'0""",France,FC Bayern München,Bundes,CB,86,79kg / 174lbs,Left,86,CB,2,"Jul 1, 2019",N/A,€47M,€95K,€81.1M,334,78,53,82,75,46,302,65,59,39,63,76,377,77,77,70,85,68,353,62,86,76,78,51,340,90,83,62,63,42,77,258,85,87,86,49,10,7,14,10,2013,436,2,2,Medium,Medium,3,77,54,69,71,85,80
216460,/player/216460/jose-maria-gimenez/220069/,José María Giménez,26,"185cm / 6'1""",Uruguay,Atlético Madrid,La ,CB,87,80kg / 176lbs,Right,86,CB,3,"Jul 1, 2013",N/A,€49M,€74K,€104.1M,267,47,37,83,70,30,267,54,36,44,67,66,329,70,73,52,78,56,356,72,90,60,86,48,280,88,84,24,46,38,76,260,87,87,86,52,9,11,10,15,1811,400,3,2,Medium,High,2,72,45,57,60,86,80
216393,/player/216393/youri-tielemans/220069/,Youri Tielemans,24,"176cm / 5'9""",Belgium,Leicester City,Premier Le,CM,87,72kg / 159lbs,Right,86,CM,3,"Jul 8, 2019",N/A,€57M,€125K,€112.6M,390,82,74,67,89,78,416,81,84,78,88,85,350,67,55,67,84,77,394,87,66,85,69,87,385,68,73,80,87,77,85,211,70,73,68,50,6,8,14,12,2196,451,5,4,Medium,Medium,2,60,80,86,81,71,73
216352,/player/216352/marcelo-brozovic/220069/,Marcelo Brozović,28,"181cm / 5'11""",Croatia,Inter,Ser,CDM,84,68kg / 150lbs,Right,84,CDM,0,"Jul 1, 2016",N/A,€37M,€130K,€62.9M,361,72,69,70,85,65,397,76,79,74,84,84,379,70,68,79,78,84,395,80,70,94,67,84,380,85,81,65,80,69,82,238,77,81,80,50,8,8,11,8,2200,460,4,3,Medium,Medium,3,69,74,80,80,79,78
215333,/player/215333/duvan-zapata/220069/,Duván Zapata,30,"189cm / 6'2""",Colombia,Atalanta,Ser,ST,84,88kg / 194lbs,Right,84,ST,0,"Jan 17, 2020",N/A,€41.5M,€84K,€70.6M,368,44,88,83,74,79,327,79,55,62,47,84,366,78,81,67,82,58,403,86,80,78,95,64,319,72,20,86,66,75,82,90,44,24,22,40,9,9,6,8,1913,422,4,3,High,Medium,2,80,82,61,79,35,85
212190,/player/212190/niklas-sule/220069/,Niklas Süle,25,"195cm / 6'5""",Germany,FC Bayern München,Bundes,CB,86,99kg / 218lbs,Right,85,CB,2,"Jul 1, 2017",N/A,€47M,€95K,€81.1M,284,48,28,84,80,44,256,53,33,30,76,64,280,52,77,34,81,36,354,78,55,66,93,62,307,86,81,42,66,32,78,259,84,88,87,58,15,7,7,15,1798,402,3,2,Medium,Medium,3,66,47,65,56,85,83
209989,/player/209989/thomas-partey/220069/,Thomas Partey,28,"185cm / 6'1""",Ghana,Arsenal,Premier Le,CDM,84,77kg / 170lbs,Right,84,CDM,0,"Oct 5, 2020",N/A,€37M,€115K,€70.3M,351,74,66,68,87,56,391,84,69,70,85,83,344,63,74,75,82,50,413,86,83,82,84,78,369,84,81,70,85,49,86,244,80,84,80,49,11,13,9,7,2161,466,3,3,Medium,High,2,69,71,82,81,80,83
208574,/player/208574/filip-kostic/220069/,Filip Kostić,28,"184cm / 6'0""",Serbia,Eintracht Frankfurt,Bundes,LM,84,84kg / 185lbs,Left,84,LM,0,"May 17, 2019",N/A,€42.5M,€52K,€72.3M,379,91,76,59,80,73,402,86,79,80,75,82,408,87,84,76,82,79,398,86,67,90,77,78,369,80,63,79,81,66,80,209,69,72,68,64,13,14,12,13,2229,476,2,3,High,High,3,85,78,82,83,68,80
208418,/player/208418/yannick-carrasco/220069/,Yannick Carrasco,27,"185cm / 6'1""",Belgium,Atlético Madrid,La ,LM,84,73kg / 161lbs,Right,84,LM,0,"Sep 8, 2020",N/A,€45M,€81K,€92.3M,364,81,81,53,79,70,407,88,82,79,73,85,417,89,88,87,80,73,378,85,71,79,61,82,351,65,47,80,78,81,80,125,43,47,35,49,9,11,10,10,2091,444,4,4,High,High,3,88,81,78,85,45,67
207410,/player/207410/mateo-kovacic/220069/,Mateo Kovačić,27,"176cm / 5'9""",Croatia,Chelsea,Premier Le,CM,84,80kg / 176lbs,Right,84,CM,0,"Jul 1, 2019",N/A,€44.5M,€150K,€82.3M,342,73,61,42,90,76,411,89,79,70,84,89,397,78,66,87,82,84,373,79,75,79,65,75,370,77,75,73,86,59,84,217,73,76,68,34,9,5,7,7,2144,453,4,4,High,High,3,71,69,83,88,71,71
206517,/player/206517/jack-grealish/220069/,Jack Grealish,25,"180cm / 5'11""",England,Manchester City,Premier Le,LW,85,81kg / 179lbs,Right,84,LW,1,"Aug 5, 2021",N/A,€50.5M,€180K,€97.2M,348,80,76,36,84,72,408,88,78,74,81,87,406,79,79,85,79,84,336,76,32,80,70,78,329,60,44,81,86,58,88,140,48,49,43,51,11,6,10,13,2018,439,3,4,High,Medium,3,79,76,82,87,46,69
204963,/player/204963/daniel-carvajal-ramos/220069/,Daniel Carvajal Ramos,29,"173cm / 5'8""",Spain,Real Madrid,La ,RB,84,73kg / 161lbs,Right,84,RB,0,"Jul 5, 2013",N/A,€37M,€195K,€75.9M,337,82,51,72,83,49,358,78,76,47,74,83,394,78,77,78,80,81,351,68,77,85,74,47,354,83,79,75,72,45,80,244,78,82,84,65,13,13,9,15,2103,446,3,3,High,Medium,3,77,54,77,80,79,79
204639,/player/204639/stefan-savic/220069/,Stefan Savić,30,"187cm / 6'2""",Montenegro,Atlético Madrid,La ,CB,84,81kg / 179lbs,Right,84,CB,0,"Jul 20, 2015",N/A,€34.5M,€74K,€70.7M,253,35,34,84,73,27,248,47,34,28,72,67,319,60,67,59,82,51,296,43,86,53,83,31,294,86,87,29,55,37,80,259,90,86,83,66,14,13,13,12,1735,377,3,2,Medium,High,2,64,35,57,58,87,76
202811,/player/202811/emiliano-martinez/220069/,Emiliano Martínez,28,"195cm / 6'5""",Argentina,Aston Villa,Premier Le,GK,84,88kg / 194lbs,Right,84,GK,0,"Sep 16, 2020",N/A,€30M,€81K,€57M,127,22,16,26,50,13,141,13,22,20,51,35,294,59,57,49,80,49,248,62,60,40,70,16,170,37,13,12,66,42,60,51,11,20,20,418,85,83,83,85,1449,476,4,1,Medium,Medium,3,85,83,82,85,58,83
199434,/player/199434/dusan-tadic/220069/,Dušan Tadić,32,"181cm / 5'11""",Serbia,Ajax,Erediv,LW,84,76kg / 168lbs,Left,84,LW,0,"Jul 3, 2018",N/A,€33.5M,€32K,€46.9M,403,87,83,66,87,80,415,84,85,79,80,87,379,68,68,75,84,84,383,79,59,88,80,77,355,56,41,86,88,84,86,111,51,34,26,61,11,11,9,16,2107,438,3,4,Medium,Medium,3,68,81,86,84,43,76
198219,/player/198219/lorenzo-insigne/220069/,Lorenzo Insigne,30,"163cm / 5'4""",Italy,Toronto,Major League So,CAM,84,59kg / 130lbs,Right,86,CAM,0,"Jul 7, 2022",N/A,€40.5M,€19K,€58.7M,374,77,76,59,86,76,443,90,89,86,86,92,430,87,81,90,78,94,317,76,48,76,35,82,316,34,26,80,89,87,81,99,53,24,22,45,8,4,9,10,2024,419,4,4,High,Medium,4,84,78,85,90,36,46
188545,/player/188545/robert-lewandowski/220069/,Robert Lewandowski,32,"185cm / 6'1""",Poland,FC Bayern München,Bundes,ST,92,81kg / 179lbs,Right,92,ST,0,"Jul 1, 2014",N/A,€119.5M,€270K,€197.2M,430,71,95,90,85,89,407,85,79,85,70,88,407,77,78,77,93,82,424,90,85,76,86,87,396,81,49,95,81,90,88,96,35,42,19,51,15,6,8,10,2211,461,4,4,High,Medium,5,78,92,79,86,44,82
158023,/player/158023/lionel-messi/220069/,Lionel Messi,34,"169cm / 5'7""",Argentina,Paris Saint Germain,Lig,CAM,92,67kg / 148lbs,Left,93,CAM,0,"Aug 10, 2021",N/A,€69.5M,€290K,€128.6M,425,85,91,70,91,88,467,96,93,93,91,94,447,90,78,91,93,95,387,86,68,71,69,93,347,44,40,93,95,75,96,79,20,35,24,54,6,11,14,8,2206,457,4,4,Low,Low,5,83,90,91,95,34,64
198176,/player/198176/stefan-de-vrij/220069/,Stefan de Vrij,29,"189cm / 6'2""",Netherlands,Inter,Ser,CB,84,78kg / 172lbs,Right,84,CB,0,"Jul 1, 2018",N/A,€35.5M,€130K,€60.4M,260,49,25,84,75,27,271,66,45,16,71,73,341,67,69,61,85,59,363,65,79,80,79,60,306,77,87,31,70,41,85,260,88,87,85,52,8,10,14,13,1853,408,3,2,Medium,High,3,68,41,64,69,87,79
231747,/player/231747/kylian-mbappe/220069/,Kylian Mbappé,22,"182cm / 6'0""",France,Paris Saint Germain,Lig,ST,95,73kg / 161lbs,Right,92,ST,4,"Jul 1, 2018",N/A,€194M,€230K,€373.5M,411,78,93,72,85,83,404,93,80,69,71,91,462,97,97,92,93,83,411,86,78,88,77,82,353,62,38,92,82,79,88,92,26,34,32,42,13,5,11,6,2175,470,4,5,High,Low,4,97,88,80,92,36,77
209331,/player/209331/mohamed-salah/220069/,Mohamed Salah,29,"175cm / 5'9""",Egypt,Liverpool,Premier Le,RW,91,71kg / 157lbs,Left,91,RW,0,"Jul 1, 2017",N/A,€129M,€350K,€238.7M,402,81,93,59,85,84,412,92,84,69,77,90,457,90,91,91,94,91,399,83,69,87,75,85,382,63,55,92,86,86,92,122,38,43,41,62,14,14,11,14,2236,473,3,4,High,Medium,4,91,89,82,91,45,75
197061,/player/197061/joel-matip/220069/,Joel Matip,29,"194cm / 6'4""",Cameroon,Liverpool,Premier Le,CB,84,90kg / 198lbs,Right,84,CB,0,"Jul 1, 2016",N/A,€35.5M,€145K,€65.7M,304,54,36,84,80,50,307,74,63,22,74,74,308,58,67,55,86,42,343,66,78,69,82,48,332,84,86,48,72,42,80,258,88,88,82,53,11,15,7,10,1905,415,2,2,Medium,Medium,2,63,46,69,71,87,79
192629,/player/192629/iago-aspas-juncal/220069/,Iago Aspas Juncal,33,"176cm / 5'9""",Spain,Celta de Vigo,La ,ST,84,67kg / 148lbs,Left,84,ST,0,"Jul 1, 2015",N/A,€27M,€46K,€56.7M,410,80,89,77,80,84,408,87,79,83,73,86,408,78,86,88,84,72,356,79,66,70,60,81,349,63,39,84,81,82,85,78,39,21,18,62,12,16,12,13,2071,430,4,3,High,High,2,82,85,79,86,35,63
192985,/player/192985/kevin-de-bruyne/220069/,Kevin De Bruyne,30,"181cm / 5'11""",Belgium,Manchester City,Premier Le,CM,91,70kg / 154lbs,Right,91,CM,0,"Aug 30, 2015",N/A,€125.5M,€350K,€232.2M,408,94,83,55,93,83,439,88,85,83,93,90,400,76,76,79,91,78,408,92,63,88,74,91,406,75,66,88,94,83,89,186,68,65,53,56,15,13,10,13,2303,484,5,4,High,High,4,76,87,93,87,64,77
165153,/player/165153/karim-benzema/220069/,Karim Benzema,33,"185cm / 6'1""",France,Real Madrid,La ,CF,91,81kg / 179lbs,Right,91,CF,0,"Jul 9, 2009",N/A,€84M,€450K,€172.2M,434,75,92,90,89,88,409,87,82,73,76,91,401,79,80,78,92,72,409,87,79,81,82,80,367,63,39,92,89,84,90,85,43,24,18,41,13,11,5,7,2146,455,4,4,Medium,Medium,4,80,88,83,87,39,78
189575,/player/189575/iker-muniain-goni/220069/,Iker Muniain Goñi,28,"170cm / 5'7""",Spain,Athletic Club,La ,LM,84,66kg / 146lbs,Right,84,LM,0,"Aug 1, 2009",N/A,€42.5M,€49K,€89.3M,359,81,79,43,85,71,411,87,84,79,74,87,427,84,78,91,80,94,348,73,72,77,49,77,340,66,45,81,84,64,82,151,58,55,38,45,10,5,13,12,2081,438,3,4,High,Medium,2,81,76,82,87,51,61
20801,/player/20801/c-ronaldo-dos-santos-aveiro/220069/,C. Ronaldo dos Santos Aveiro,36,"187cm / 6'2""",Portugal,Manchester United,Premier Le,ST,91,83kg / 183lbs,Right,91,ST,0,"Aug 27, 2021",N/A,€45M,€270K,€83.3M,434,84,94,90,80,86,411,86,81,79,77,88,417,82,87,82,94,72,435,94,95,77,77,92,353,63,29,95,76,90,95,80,24,32,24,58,7,11,14,11,2188,453,4,5,High,Medium,5,85,93,80,86,34,75
215914,/player/215914/ngolo-kante/220069/,N'Golo Kanté,30,"168cm / 5'6""",France,Chelsea,Premier Le,CDM,90,70kg / 154lbs,Right,90,CDM,0,"Jul 16, 2016",N/A,€100M,€230K,€185M,325,68,65,54,82,56,337,79,49,49,79,81,424,82,75,82,93,92,382,71,77,97,72,65,388,93,91,72,78,54,84,269,90,93,86,54,15,12,7,10,2179,471,3,2,Medium,High,4,78,66,75,82,87,83
203376,/player/203376/virgil-van-dijk/220069/,Virgil van Dijk,29,"193cm / 6'4""",Netherlands,Liverpool,Premier Le,CB,90,92kg / 203lbs,Right,90,CB,0,"Jan 1, 2018",N/A,€100M,€240K,€185M,316,53,52,87,79,45,362,70,60,70,86,76,363,70,90,61,89,53,400,81,88,74,93,64,349,85,90,47,65,62,90,270,92,92,86,58,13,10,11,11,2118,461,3,2,Medium,Medium,4,81,60,71,72,91,86
189511,/player/189511/sergio-busquets-burgos/220069/,Sergio Busquets Burgos,32,"189cm / 6'2""",Spain,FC Barcelona,La ,CDM,84,76kg / 168lbs,Right,84,CDM,0,"Sep 1, 2008",N/A,€28M,€175K,€57.4M,328,62,67,68,87,44,384,80,66,68,85,85,281,40,43,66,82,50,326,61,66,75,70,54,382,79,84,76,83,60,90,244,83,81,80,48,5,8,9,13,1993,416,3,3,Medium,Medium,4,42,62,79,79,81,73
189332,/player/189332/jordi-alba-ramos/220069/,Jordi Alba Ramos,32,"170cm / 5'7""",Spain,FC Barcelona,La ,LB,84,68kg / 150lbs,Left,84,LB,0,"Jul 1, 2012",N/A,€29M,€175K,€59.5M,382,84,73,70,83,72,385,79,80,63,79,84,418,86,82,87,79,84,355,64,80,84,61,66,375,75,80,83,78,59,80,231,74,78,79,60,13,15,6,13,2206,464,3,3,High,Medium,3,84,70,80,82,77,71
190871,/player/190871/neymar-da-silva-santos-jr/220069/,Neymar da Silva Santos Jr.,29,"175cm / 5'9""",Brazil,Paris Saint Germain,Lig,LW,90,68kg / 150lbs,Right,90,LW,0,"Aug 3, 2017",N/A,€117.5M,€220K,€217.4M,403,85,83,63,86,86,446,95,88,87,81,95,447,91,88,95,89,84,358,79,64,81,53,81,367,63,37,86,90,91,93,96,35,32,29,59,9,9,15,11,2176,452,5,5,High,Medium,5,89,83,86,94,37,63
167495,/player/167495/manuel-neuer/220069/,Manuel Neuer,35,"193cm / 6'4""",Germany,FC Bayern München,Bundes,GK,90,93kg / 205lbs,Right,90,GK,0,"Jul 1, 2011",N/A,€13.5M,€86K,€22.3M,124,15,13,25,60,11,169,30,14,11,68,46,287,54,60,51,87,35,284,68,77,43,80,16,188,29,30,12,70,47,70,38,17,10,11,444,88,88,89,88,1534,500,4,1,Medium,Medium,5,88,88,91,88,56,89
188943,/player/188943/kevin-trapp/220069/,Kevin Trapp,30,"189cm / 6'2""",Germany,Eintracht Frankfurt,Bundes,GK,84,84kg / 185lbs,Right,84,GK,0,"Aug 7, 2019",N/A,€28M,€37K,€47.6M,74,13,13,11,25,12,72,10,14,12,12,24,255,43,50,42,83,37,268,59,76,45,75,13,127,30,22,12,46,17,64,39,15,14,10,412,83,80,84,86,1247,458,4,1,Medium,Medium,3,83,80,79,86,46,84
186345,/player/186345/kieran-trippier/220069/,Kieran Trippier,30,"173cm / 5'8""",England,Newcastle United,Premier Le,RB,84,71kg / 157lbs,Right,84,RB,0,"Jan 7, 2022",N/A,€36.5M,€63K,€69.4M,358,86,54,79,81,58,406,74,86,84,80,82,380,74,73,73,81,79,377,79,78,86,64,70,375,73,80,76,80,66,77,240,79,81,80,54,11,14,11,10,2190,448,4,3,Medium,Medium,2,73,64,82,77,80,72
212831,/player/212831/alisson-ramses-becker/220069/,Alisson Ramses Becker,28,"191cm / 6'3""",Brazil,Liverpool,Premier Le,GK,90,91kg / 201lbs,Right,89,GK,1,"Jul 19, 2018",N/A,€82M,€190K,€157.9M,134,17,13,29,55,20,160,27,19,18,56,40,267,56,47,40,87,37,239,63,52,32,78,14,140,27,11,13,66,23,68,50,15,19,16,435,86,86,90,89,1425,487,3,1,Medium,Medium,3,86,86,84,89,52,90
212622,/player/212622/joshua-kimmich/220069/,Joshua Kimmich,26,"177cm / 5'10""",Germany,FC Bayern München,Bundes,CDM,90,75kg / 165lbs,Right,89,CDM,1,"Jul 1, 2015",N/A,€108M,€160K,€186.3M,387,91,68,72,87,69,411,82,85,69,90,85,398,77,65,84,88,84,402,78,79,94,68,83,382,89,84,80,85,44,85,248,85,85,78,60,8,15,15,15,2288,475,4,3,High,Medium,4,70,72,87,84,83,79
184134,/player/184134/fernando-reges-mouta/220069/,Fernando Reges Mouta,33,"183cm / 6'0""",Brazil,Sevilla,La ,CDM,84,76kg / 168lbs,Right,84,CDM,0,"Jul 12, 2019",N/A,€21M,€43K,€44.1M,330,62,54,74,84,56,346,71,65,53,79,78,347,65,67,70,83,62,383,76,76,82,81,68,359,85,85,59,76,54,78,252,84,85,83,29,7,5,3,5,2046,442,3,3,Medium,Medium,2,66,62,75,74,83,82
183277,/player/183277/eden-hazard/220069/,Eden Hazard,30,"175cm / 5'9""",Belgium,Real Madrid,La ,LW,84,74kg / 163lbs,Right,84,LW,0,"Jul 1, 2019",N/A,€40.5M,€220K,€83M,383,77,78,61,85,82,419,89,83,79,81,87,420,85,82,86,78,89,351,82,55,76,61,77,349,54,41,83,84,87,88,83,34,27,22,45,11,12,8,8,2050,431,4,4,Medium,Medium,4,83,80,82,88,35,63
210257,/player/210257/ederson-santana-de-moraes/220069/,Ederson Santana de Moraes,27,"188cm / 6'2""",Brazil,Manchester City,Premier Le,GK,91,86kg / 190lbs,Left,89,GK,2,"Jul 1, 2017",N/A,€94M,€200K,€181M,127,20,14,14,61,18,164,23,15,20,66,40,323,64,63,60,88,48,273,70,66,41,78,18,206,38,27,20,70,51,70,52,29,15,8,438,87,82,88,88,1583,502,3,1,Medium,Medium,3,87,82,93,88,64,88
208722,/player/208722/sadio-mane/220069/,Sadio Mané,29,"175cm / 5'9""",Senegal,Liverpool,Premier Le,LW,89,69kg / 152lbs,Right,89,LW,0,"Jul 1, 2016",N/A,€101M,€270K,€186.9M,407,78,86,84,84,75,386,88,77,64,71,86,454,92,90,93,91,88,405,83,87,85,72,78,359,75,35,90,84,75,84,122,42,42,38,56,10,10,7,14,2189,463,4,4,High,Medium,4,91,83,80,88,44,77
180930,/player/180930/edin-dzeko/220069/,Edin Džeko,35,"193cm / 6'4""",Bosnia and Herzegovina,Inter,Ser,ST,84,80kg / 176lbs,Right,84,ST,0,"Aug 14, 2021",N/A,€18M,€115K,€30.6M,393,63,88,85,77,80,361,78,65,54,78,86,334,65,69,62,83,55,388,86,64,74,86,78,339,58,50,90,74,67,86,98,54,28,16,63,9,11,15,15,1976,422,5,3,Medium,Medium,3,67,84,72,78,45,76
178603,/player/178603/mats-hummels/220069/,Mats Hummels,32,"191cm / 6'3""",Germany,Borussia Dortmund,Bundes,CB,84,94kg / 207lbs,Right,84,CB,0,"Jul 1, 2019",N/A,€27.5M,€79K,€46.8M,353,65,57,86,81,64,351,69,66,53,85,78,314,46,60,60,86,62,342,71,70,66,86,49,363,71,87,57,80,68,89,261,88,88,85,42,15,6,5,6,2026,425,3,3,High,Medium,4,54,59,76,72,87,77
202126,/player/202126/harry-kane/220069/,Harry Kane,27,"188cm / 6'2""",England,Tottenham Hotspur,Premier Le,ST,89,89kg / 196lbs,Right,89,ST,0,"Jul 28, 2010",N/A,€112M,€230K,€212.8M,430,80,94,85,84,87,400,83,82,65,85,85,367,67,69,68,92,71,424,92,79,83,84,86,397,80,44,94,87,92,92,124,50,36,38,54,8,10,14,11,2196,455,5,3,High,High,4,68,92,83,82,47,83
200389,/player/200389/jan-oblak/220069/,Jan Oblak,28,"188cm / 6'2""",Slovenia,Atlético Madrid,La ,GK,91,87kg / 192lbs,Right,89,GK,2,"Jul 16, 2014",N/A,€88M,€100K,€187M,95,13,11,15,43,13,109,12,13,14,40,30,302,43,58,65,87,49,267,59,77,41,78,12,142,34,21,11,65,11,68,57,27,12,18,430,86,90,87,89,1402,479,3,1,Medium,Medium,5,86,90,78,89,49,87
175943,/player/175943/dries-mertens/220069/,Dries Mertens,34,"169cm / 5'7""",Belgium,Napoli,Ser,CF,84,61kg / 134lbs,Right,84,CF,0,"Jul 1, 2013",N/A,€20.5M,€105K,€34.9M,351,73,84,40,84,70,412,88,82,82,72,88,433,90,79,92,80,92,323,80,58,66,37,82,340,59,36,82,84,79,81,103,23,40,40,39,7,10,10,4,2001,418,4,4,High,Low,3,84,82,80,88,34,50
168542,/player/168542/david-josue-jimenez-silva/220069/,David Josué Jiménez Silva,35,"173cm / 5'8""",Spain,Real Sociedad,La ,CAM,84,67kg / 148lbs,Left,84,CAM,0,"Aug 17, 2020",N/A,€17.5M,€40K,€36.8M,377,83,70,53,89,82,416,85,82,77,83,89,379,70,55,82,83,89,315,72,61,66,45,71,356,56,50,85,90,75,91,140,58,53,29,46,6,15,6,12,2029,411,2,4,High,Medium,4,62,72,86,86,52,53
200145,/player/200145/carlos-henrique-venancio-casimiro/220069/,Carlos Henrique Venancio Casimiro,29,"185cm / 6'1""",Brazil,Real Madrid,La ,CDM,89,84kg / 185lbs,Right,89,CDM,0,"Jul 11, 2013",N/A,€88M,€310K,€180.4M,347,58,64,79,84,62,368,69,62,74,84,79,343,60,69,61,87,66,435,88,87,89,90,81,399,91,87,75,80,66,84,260,85,88,87,67,13,14,12,12,2219,463,3,2,Medium,High,3,65,73,76,73,86,90
200104,/player/200104/heung-min-son/220069/,Heung Min Son,28,"183cm / 6'0""",Korea Republic,Tottenham Hotspur,Premier Le,LW,89,78kg / 172lbs,Right,89,LW,0,"Aug 28, 2015",N/A,€104M,€240K,€197.6M,403,83,89,68,84,79,404,87,85,74,74,84,432,85,90,87,91,79,389,88,60,88,64,89,349,62,39,91,84,73,89,114,47,34,33,53,11,13,6,10,2144,455,5,4,High,Medium,4,88,88,82,86,42,69
152729,/player/152729/gerard-pique-bernabeu/220069/,Gerard Piqué Bernabeu,34,"194cm / 6'4""",Spain,FC Barcelona,La ,CB,84,85kg / 187lbs,Right,84,CB,0,"Jul 1, 2008",N/A,€13.5M,€175K,€27.7M,343,57,65,84,80,57,324,63,58,43,80,80,285,50,62,57,82,34,335,62,74,63,85,51,371,79,85,66,72,69,86,252,84,85,83,58,10,11,15,8,1968,419,3,2,High,Medium,4,57,61,71,68,84,78
146536,/player/146536/jesus-navas-gonzalez/220069/,Jesús Navas González,35,"172cm / 5'8""",Spain,Sevilla,La ,RB,84,60kg / 132lbs,Right,84,RB,0,"Jul 28, 2017",N/A,€13M,€30K,€27.3M,384,88,65,73,83,75,379,84,82,51,79,83,421,87,84,82,84,84,326,74,63,80,39,70,375,75,80,81,83,56,82,238,82,77,79,55,10,10,7,13,2178,456,2,4,High,Medium,2,85,69,82,83,79,58
192119,/player/192119/thibaut-courtois/220069/,Thibaut Courtois,29,"199cm / 6'6""",Belgium,Real Madrid,La ,GK,90,96kg / 212lbs,Left,89,GK,1,"Aug 9, 2018",N/A,€79M,€250K,€167.9M,86,14,14,13,33,12,110,13,19,20,35,23,285,42,52,62,84,45,249,56,68,38,70,17,122,23,15,13,44,27,66,54,20,18,16,421,84,89,86,88,1327,467,3,1,Medium,Medium,4,84,89,74,88,46,86
239818,/player/239818/ruben-santos-gato-alves-dias/220069/,Rúben Santos Gato Alves Dias,24,"187cm / 6'2""",Portugal,Manchester City,Premier Le,CB,91,82kg / 181lbs,Right,90,CB,3,"Sep 29, 2020",N/A,€111.5M,€210K,€214.6M,284,54,29,87,82,32,308,64,46,48,76,74,332,58,69,61,88,56,350,74,78,87,89,22,312,92,85,39,51,45,81,264,90,89,85,47,7,8,7,12,1897,413,4,2,Medium,High,3,64,38,66,68,88,89
143076,/player/143076/alejandro-gomez/220069/,Alejandro Gómez,33,"167cm / 5'6""",Argentina,Sevilla,La ,CAM,84,68kg / 150lbs,Right,84,CAM,0,"Jan 26, 2021",N/A,€26.5M,€47K,€55.7M,353,83,77,38,83,72,411,84,85,79,78,85,438,90,82,91,82,93,344,79,67,72,44,82,331,56,40,78,85,72,85,114,50,30,34,46,8,11,9,6,2037,426,4,4,High,Medium,3,86,78,83,85,39,55
246430,/player/246430/dusan-vlahovic/220069/,Dušan Vlahović,21,"190cm / 6'3""",Serbia,Juventus,Ser,ST,90,75kg / 165lbs,Left,85,ST,7,"Jan 31, 2022",N/A,€74.5M,€85K,€141.6M,360,50,88,76,70,76,337,79,68,56,50,84,355,77,82,61,83,52,398,83,68,79,88,80,309,60,22,88,66,73,80,68,18,26,24,47,5,15,11,10,1874,410,3,3,Medium,Medium,2,80,84,61,78,28,79
242444,/player/242444/joao-felix-sequeira/220069/,João Félix Sequeira,21,"181cm / 5'11""",Portugal,Atlético Madrid,La ,CAM,91,70kg / 154lbs,Right,86,CAM,8,"Jul 3, 2019",N/A,€82M,€61K,€184.5M,384,73,79,69,82,81,394,88,82,64,73,87,422,84,83,88,83,84,373,80,76,75,62,80,342,68,38,84,84,68,86,107,30,42,35,66,13,12,13,14,2088,434,4,5,Medium,Medium,2,83,79,78,87,40,67
239085,/player/239085/erling-haaland/220069/,Erling Haaland,20,"194cm / 6'4""",Norway,Borussia Dortmund,Bundes,ST,94,94kg / 207lbs,Left,90,ST,6,"Jan 1, 2020",N/A,€143.5M,€110K,€272.7M,381,47,94,78,74,88,353,78,77,62,51,85,412,82,93,77,88,72,430,94,74,82,93,87,366,85,43,89,73,76,85,126,44,53,29,52,7,14,11,7,2120,461,3,3,High,Medium,4,88,91,65,81,48,88
230621,/player/230621/gianluigi-donnarumma/220069/,Gianluigi Donnarumma,22,"196cm / 6'5""",Italy,Paris Saint Germain,Lig,GK,92,90kg / 198lbs,Right,88,GK,4,"Jul 15, 2021",N/A,€106M,€110K,€204.1M,80,12,12,12,36,8,118,28,12,14,34,30,292,50,55,64,85,38,255,59,72,34,72,18,154,30,26,14,60,24,65,50,20,14,16,426,90,83,85,89,1375,478,3,1,Medium,Medium,3,90,83,79,89,52,85
241852,/player/241852/moussa-diaby/220069/,Moussa Diaby,21,"170cm / 5'7""",France,Bayer 04 Leverkusen,Bundes,LM,88,68kg / 150lbs,Left,84,LM,5,"Jul 1, 2019",N/A,€56M,€55K,€99.4M,327,76,78,28,78,67,359,88,71,42,73,85,450,96,92,92,77,93,317,73,62,74,44,64,319,67,48,77,77,50,75,129,48,35,46,47,8,9,8,14,1948,427,3,4,High,Low,2,94,72,75,87,42,57
210514,/player/210514/joao-pedro-cavaco-cancelo/220069/,João Pedro Cavaco Cancelo,27,"182cm / 6'0""",Portugal,Manchester City,Premier Le,LB,89,74kg / 163lbs,Right,88,LB,1,"Aug 7, 2019",N/A,€96M,€240K,€184.8M,379,88,69,72,88,62,407,85,87,69,79,87,413,86,84,80,85,78,383,80,72,90,62,79,372,73,82,81,84,52,86,245,81,84,80,58,6,9,14,14,2257,481,4,4,High,Medium,3,85,73,85,85,81,72
209658,/player/209658/leon-goretzka/220069/,Leon Goretzka,26,"189cm / 6'2""",Germany,FC Bayern München,Bundes,CM,89,82kg / 181lbs,Right,88,CM,1,"Jul 1, 2018",N/A,€107M,€165K,€184.6M,400,75,82,86,86,71,407,84,76,75,85,87,397,78,82,76,88,73,424,85,79,86,88,86,397,82,86,85,84,60,82,237,74,85,78,56,13,8,11,9,2318,495,4,3,High,Medium,4,80,82,82,84,81,86
241486,/player/241486/jules-kounde/220069/,Jules Koundé,22,"181cm / 5'11""",France,Sevilla,La ,CB,89,75kg / 165lbs,Right,84,CB,6,"Jul 3, 2019",N/A,€53M,€33K,€121.9M,283,45,47,79,80,32,286,69,42,26,75,74,393,81,82,71,85,74,332,48,88,76,80,40,313,75,86,47,62,43,82,253,85,85,83,56,11,10,14,13,1916,425,3,2,High,High,2,82,45,64,72,84,78
241461,/player/241461/ferran-torres-garcia/220069/,Ferran Torres García,21,"184cm / 6'0""",Spain,FC Barcelona,La ,CAM,89,77kg / 170lbs,Right,85,CAM,6,"Jan 1, 2022",N/A,€58.5M,€140K,€131.6M,389,79,80,75,81,74,383,84,76,60,78,85,409,87,81,83,82,76,371,79,75,73,68,76,330,54,34,86,82,74,82,87,35,24,28,59,12,9,15,12,2028,428,4,4,High,Medium,1,84,79,79,84,35,67
207865,/player/207865/marcos-aoas-correa/220069/,Marcos Aoás Corrêa,27,"183cm / 6'0""",Brazil,Paris Saint Germain,Lig,CB,90,75kg / 165lbs,Right,89,CB,2,"Jul 19, 2013",N/A,€97.5M,€160K,€187.7M,334,68,59,88,84,35,323,69,58,32,85,79,386,79,83,69,88,67,363,65,92,83,78,45,368,81,89,70,76,52,86,268,90,89,89,47,6,6,10,13,2089,456,3,3,Medium,High,3,81,56,75,74,89,81
240130,/player/240130/eder-gabriel-militao/220069/,Éder Gabriel Militão,23,"186cm / 6'1""",Brazil,Real Madrid,La ,CB,90,78kg / 172lbs,Right,85,CB,7,"Jul 1, 2019",N/A,€67.5M,€145K,€151.9M,312,69,48,82,79,34,319,70,60,40,76,73,386,83,88,70,83,62,355,62,85,86,80,42,350,82,85,64,59,60,74,250,83,84,83,61,11,8,12,15,2033,443,3,2,Medium,Medium,2,86,50,70,71,84,82
239053,/player/239053/federico-valverde/220069/,Federico Valverde,22,"182cm / 6'0""",Uruguay,Real Madrid,La ,CM,89,78kg / 172lbs,Right,84,CM,6,"Jul 22, 2016",N/A,€58M,€160K,€130.5M,349,66,69,59,85,70,381,79,70,66,84,82,400,82,90,76,84,68,388,80,62,86,79,81,377,81,81,76,80,59,82,235,79,80,76,45,6,10,15,8,2175,474,4,3,High,High,1,86,74,78,79,77,80
238074,/player/238074/reece-james/220069/,Reece James,21,"178cm / 5'10""",England,Chelsea,Premier Le,RWB,87,87kg / 192lbs,Right,83,RWB,4,"Mar 3, 2017",N/A,€49.5M,€90K,€95.3M,365,86,65,70,82,62,398,82,82,76,77,81,399,78,82,73,79,87,391,82,74,82,84,69,358,74,76,77,79,52,80,239,80,81,78,51,8,12,13,11,2201,470,3,3,High,Medium,2,80,69,81,81,78,81
193041,/player/193041/keylor-navas/220069/,Keylor Navas,34,"185cm / 6'1""",Costa Rica,Paris Saint Germain,Lig,GK,88,80kg / 176lbs,Right,88,GK,0,"Sep 2, 2019",N/A,€15.5M,€130K,€28.7M,88,11,15,11,40,11,127,24,21,15,37,30,313,54,53,60,85,61,257,56,74,39,75,13,163,32,22,16,68,25,67,56,28,14,14,424,89,84,87,89,1428,478,3,1,Medium,Medium,3,89,84,75,89,54,87
192448,/player/192448/marc-andre-ter-stegen/220069/,Marc-André ter Stegen,29,"187cm / 6'2""",Germany,FC Barcelona,La ,GK,89,85kg / 187lbs,Right,88,GK,1,"Jul 1, 2014",N/A,€70M,€230K,€148.8M,118,18,14,11,61,14,144,21,18,12,63,30,262,45,50,39,85,43,267,65,79,35,78,10,171,43,22,11,70,25,70,48,25,13,10,433,86,85,85,90,1443,480,4,1,Medium,Medium,4,86,85,87,90,47,85
237383,/player/237383/alessandro-bastoni/220069/,Alessandro Bastoni,22,"190cm / 6'3""",Italy,Inter,Ser,CB,89,75kg / 165lbs,Left,85,CB,6,"Aug 31, 2017",N/A,€53M,€100K,€100.7M,288,70,26,80,77,35,302,70,43,36,77,76,339,66,72,58,86,57,319,49,71,81,81,37,308,80,85,39,57,47,82,255,87,87,81,48,11,5,11,12,1859,408,3,2,Medium,High,1,69,35,68,71,85,80
234378,/player/234378/declan-rice/220069/,Declan Rice,22,"185cm / 6'1""",England,West Ham United,Premier Le,CDM,88,80kg / 176lbs,Right,84,CDM,5,"Jun 29, 2016",N/A,€51M,€76K,€100.7M,321,55,61,72,83,50,355,78,58,58,82,79,346,70,74,55,80,67,381,74,74,90,78,65,376,84,84,58,79,71,83,246,82,84,80,47,8,11,5,9,2072,450,3,2,Medium,High,1,72,64,74,76,82,82
182521,/player/182521/toni-kroos/220069/,Toni Kroos,31,"183cm / 6'0""",Germany,Real Madrid,La ,CM,88,76kg / 168lbs,Right,88,CM,0,"Jul 17, 2014",N/A,€75M,€310K,€153.8M,398,88,77,58,93,82,431,80,86,84,93,88,331,55,52,63,90,71,354,89,32,75,72,86,379,60,80,76,90,73,88,204,71,73,60,51,10,11,7,10,2148,445,5,3,Medium,Medium,4,53,81,91,81,71,68
234236,/player/234236/patrik-schick/220069/,Patrik Schick,25,"191cm / 6'3""",Czech Republic,Bayer 04 Leverkusen,Bundes,ST,85,85kg / 187lbs,Left,85,ST,2,"Sep 8, 2020",N/A,€46M,€77K,€81.7M,392,64,86,85,77,80,365,82,78,56,64,85,385,74,81,83,80,67,383,81,75,64,83,80,315,65,25,84,74,67,83,87,44,24,19,57,11,15,9,14,1984,423,3,4,High,Medium,3,78,82,71,82,36,74
233419,/player/233419/raphael-dias-belloli/220069/,Raphael Dias Belloli,24,"176cm / 5'9""",Brazil,Leeds United,Premier Le,LM,86,68kg / 150lbs,Left,84,LM,3,"Oct 6, 2020",N/A,€49.5M,€95K,€97.8M,347,79,77,45,74,72,402,87,81,77,73,84,431,90,91,88,83,79,387,83,74,86,65,79,368,76,55,82,77,78,80,139,47,54,38,50,8,7,8,14,2124,454,4,4,High,High,2,91,79,76,85,50,73
177003,/player/177003/luka-modric/220069/,Luka Modrić,35,"172cm / 5'8""",Croatia,Real Madrid,La ,CM,88,66kg / 146lbs,Right,88,CM,0,"Aug 1, 2012",N/A,€36.5M,€230K,€74.8M,380,86,72,55,91,76,428,85,85,78,90,90,417,76,70,91,88,92,369,79,67,83,58,82,392,62,80,78,90,82,92,217,70,75,72,52,13,9,14,9,2255,464,4,4,Medium,Medium,4,73,76,89,88,72,66
231866,/player/231866/rodrigo-hernandez-cascante/220069/,Rodrigo Hernández Cascante,25,"191cm / 6'3""",Spain,Manchester City,Premier Le,CDM,89,82kg / 181lbs,Right,87,CDM,2,"Jul 4, 2019",N/A,€90M,€190K,€173.3M,352,63,64,80,86,59,364,78,65,54,83,84,334,60,62,65,82,65,415,89,72,88,84,82,367,82,83,75,81,46,84,248,84,86,78,49,10,10,14,8,2129,455,4,3,Medium,High,3,61,72,77,78,83,84
233064,/player/233064/mason-mount/220069/,Mason Mount,22,"180cm / 5'11""",England,Chelsea,Premier Le,CAM,89,74kg / 163lbs,Right,86,CAM,6,"Jan 10, 2016",N/A,€58.5M,€120K,€119.9M,383,83,80,59,86,75,415,82,82,83,83,85,390,77,73,80,84,76,361,81,54,86,58,82,360,68,59,81,83,69,84,153,55,57,41,56,11,12,8,12,2118,444,4,3,High,High,3,75,80,84,83,55,67
231443,/player/231443/ousmane-dembele/220069/,Ousmane Dembélé,24,"178cm / 5'10""",France,FC Barcelona,La ,LM,86,67kg / 148lbs,Left,85,LM,3,"Aug 28, 2017",N/A,€49.5M,€165K,€105.2M,353,81,75,43,78,76,395,89,82,64,76,84,434,94,93,89,78,80,336,83,58,68,51,76,318,54,36,77,76,75,80,105,42,30,33,49,6,6,10,13,1990,425,5,5,High,Medium,3,93,77,77,86,36,56
231281,/player/231281/trent-alexander-arnold/220069/,Trent Alexander-Arnold,22,"180cm / 5'11""",England,Liverpool,Premier Le,CM,90,69kg / 152lbs,Right,88,CM,3,"Oct 7, 2015",N/A,€102.5M,€150K,€197.3M,373,92,62,69,87,63,427,78,87,85,91,86,389,78,82,73,83,73,378,82,66,89,66,75,380,74,83,78,90,55,82,242,79,83,80,56,14,15,6,7,2245,471,4,3,High,Medium,3,80,69,89,80,80,73
228702,/player/228702/frenkie-de-jong/220069/,Frenkie de Jong,24,"180cm / 5'11""",Netherlands,FC Barcelona,La ,CM,92,74kg / 163lbs,Right,89,CM,5,"Jul 1, 2019",N/A,€119.5M,€210K,€253.9M,383,78,72,72,91,70,412,87,84,64,88,89,416,80,82,87,88,79,373,68,76,89,74,66,372,74,82,77,86,53,90,229,76,76,77,49,7,13,10,9,2234,477,3,4,High,Medium,3,81,69,85,87,77,78
230666,/player/230666/gabriel-fernando-de-jesus/220069/,Gabriel Fernando de Jesus,24,"175cm / 5'9""",Brazil,Manchester City,Premier Le,ST,86,73kg / 161lbs,Right,84,ST,3,"Aug 3, 2016",N/A,€49.5M,€150K,€95.3M,390,74,83,78,78,77,368,87,76,54,66,85,430,87,81,91,84,87,389,83,79,82,69,76,344,75,32,85,77,75,78,103,45,30,28,48,13,8,6,15,2072,439,3,4,High,High,2,84,81,74,86,40,74
230481,/player/230481/ronaldo-jailson-cabrais-petri/220069/,Ronaldo Jailson Cabrais Petri,29,"177cm / 5'10""",Brazil,Grêmio,Ser,RM,83,75kg / 165lbs,Right,84,RM,0,"Jul 8, 2021",N/A,€35.5M,€49K,€67.5M,380,83,74,64,83,76,414,85,86,78,82,83,418,90,87,86,84,71,385,82,69,88,68,78,344,62,40,82,83,77,81,92,24,35,33,65,12,12,15,13,2098,439,4,4,Medium,Low,1,88,77,83,84,35,72
218667,/player/218667/bernardo-mota-carvalho-e-silva/220069/,Bernardo Mota Carvalho e Silva,26,"173cm / 5'8""",Portugal,Manchester City,Premier Le,CAM,88,64kg / 141lbs,Left,87,CAM,1,"Jul 1, 2017",N/A,€94M,€220K,€181M,379,85,78,51,87,78,411,92,85,67,76,91,431,83,77,94,85,92,353,79,51,93,54,76,371,75,60,83,85,68,90,183,59,71,53,54,9,10,12,9,2182,461,3,4,High,High,2,80,78,83,91,61,68
229984,/player/229984/ben-chilwell/220069/,Ben Chilwell,24,"180cm / 5'11""",England,Chelsea,Premier Le,LWB,86,77kg / 170lbs,Left,83,LWB,3,"Aug 26, 2020",N/A,€46M,€105K,€88.6M,356,84,58,69,80,65,372,79,71,67,74,81,377,77,76,71,81,72,364,74,86,88,69,47,356,73,78,78,75,52,75,240,78,80,82,48,10,7,7,10,2113,445,3,3,High,High,2,76,60,78,78,78,75
228941,/player/228941/andre-miguel-valente-da-silva/220069/,André Miguel Valente da Silva,25,"185cm / 6'1""",Portugal,RB Leipzig,Bundes,ST,84,84kg / 185lbs,Right,84,ST,1,"Jul 2, 2021",N/A,€44M,€100K,€78.1M,393,60,85,85,79,84,342,84,77,33,63,85,386,77,71,77,86,75,404,83,88,79,76,78,377,75,59,85,74,84,84,110,36,40,34,53,14,13,11,8,2065,433,3,4,Medium,Medium,3,74,83,69,83,47,77
216267,/player/216267/andrew-robertson/220069/,Andrew Robertson,27,"178cm / 5'10""",Scotland,Liverpool,Premier Le,LB,87,64kg / 141lbs,Left,87,LB,0,"Jul 21, 2017",N/A,€77M,€175K,€142.5M,324,88,55,67,82,32,393,81,82,71,76,83,405,83,85,78,85,74,363,76,62,95,65,65,380,85,83,77,80,55,83,248,83,84,81,50,11,8,7,14,2163,465,2,3,High,High,3,84,61,81,81,82,76
212198,/player/212198/bruno-miguel-borges-fernandes/220069/,Bruno Miguel Borges Fernandes,26,"179cm / 5'10""",Portugal,Manchester United,Premier Le,CAM,88,69kg / 152lbs,Right,87,CAM,1,"Jan 30, 2020",N/A,€94M,€210K,€181M,407,85,83,64,88,87,425,80,87,85,88,85,401,77,73,81,91,79,406,88,73,91,66,88,411,80,64,86,91,90,80,204,66,73,65,63,12,14,8,14,2317,473,3,4,High,High,3,75,86,88,82,67,75
228618,/player/228618/ferland-mendy/220069/,Ferland Mendy,26,"180cm / 5'11""",France,Real Madrid,La ,LWB,86,73kg / 161lbs,Left,84,LWB,3,"Jul 1, 2019",N/A,€43.5M,€170K,€92.4M,343,78,63,72,80,50,353,80,72,45,78,78,424,91,92,81,82,78,384,69,79,89,83,64,365,82,79,80,75,49,78,238,77,81,80,51,7,16,10,9,2158,473,5,4,High,High,1,92,64,76,79,78,84
228251,/player/228251/lorenzo-pellegrini/220069/,Lorenzo Pellegrini,25,"186cm / 6'1""",Italy,Roma,Ser,CAM,87,77kg / 170lbs,Right,85,CAM,4,"Jul 1, 2017",N/A,€50.5M,€72K,€89.6M,383,74,74,74,87,74,405,81,74,79,85,86,407,79,79,80,83,86,388,79,70,89,74,76,391,74,70,79,86,82,82,219,70,76,73,53,12,7,13,11,2246,472,3,3,Medium,Medium,2,79,76,83,83,73,78
211110,/player/211110/paulo-dybala/220069/,Paulo Dybala,27,"177cm / 5'10""",Argentina,Juventus,Ser,CF,87,75kg / 165lbs,Left,87,CF,0,"Jul 1, 2015",N/A,€86.5M,€160K,€147.1M,400,82,84,59,87,88,439,90,89,88,79,93,421,84,76,88,80,93,376,84,74,69,60,89,342,43,42,82,91,84,79,112,32,41,39,26,5,4,5,8,2116,441,3,4,High,Low,3,80,85,86,90,40,60
209499,/player/209499/fabio-henrique-tavares/220069/,Fábio Henrique Tavares,27,"188cm / 6'2""",Brazil,Liverpool,Premier Le,CDM,88,78kg / 172lbs,Right,87,CDM,1,"Jul 1, 2018",N/A,€81.5M,€175K,€156.9M,344,75,63,75,84,47,365,78,71,53,82,81,347,65,68,64,86,64,395,81,75,88,81,70,409,85,88,70,76,90,85,260,86,88,86,47,13,12,8,8,2167,461,2,3,Medium,High,3,67,69,78,78,86,83
225850,/player/225850/presnel-kimpembe/220069/,Presnel Kimpembe,25,"189cm / 6'2""",France,Paris Saint Germain,Lig,CB,87,80kg / 176lbs,Left,86,CB,4,"Jul 1, 2015",N/A,€45.5M,€90K,€87.6M,285,59,33,80,80,33,298,63,50,32,75,78,370,80,81,69,80,60,354,70,79,81,87,37,337,90,84,47,64,52,79,251,81,86,84,53,7,8,15,9,1948,431,3,2,Medium,High,3,81,43,68,70,83,86
